CustomerID,CustomerName,Contact,Address,Phone,Email
CUST0001,Customer 1,Contact 1,"145 Street Name, City",+1-357-5607,customer1@example.com
CUST0002,Customer 2,Contact 2,"267 Street Name, City",+1-397-3551,customer2@example.com
CUST0003,Customer 3,Contact 3,"317 Street Name, City",+1-358-3725,customer3@example.com
CUST0004,Customer 4,Contact 4,"418 Street Name, City",+1-359-7069,customer4@example.com
CUST0005,Customer 5,Contact 5,"884 Street Name, City",+1-592-5638,customer5@example.com
CUST0006,Customer 6,Contact 6,"519 Street Name, City",+1-923-9001,customer6@example.com
CUST0007,Customer 7,Contact 7,"578 Street Name, City",+1-358-9245,customer7@example.com
CUST0008,Customer 8,Contact 8,"652 Street Name, City",+1-561-7913,customer8@example.com
CUST0009,Customer 9,Contact 9,"197 Street Name, City",+1-320-6965,customer9@example.com
CUST0010,Customer 10,Contact 10,"303 Street Name, City",+1-866-1485,customer10@example.com
CUST0011,Customer 11,Contact 11,"856 Street Name, City",+1-317-3581,customer11@example.com
CUST0012,Customer 12,Contact 12,"376 Street Name, City",+1-344-5640,customer12@example.com
CUST0013,Customer 13,Contact 13,"689 Street Name, City",+1-940-6709,customer13@example.com
CUST0014,Customer 14,Contact 14,"654 Street Name, City",+1-915-2104,customer14@example.com
CUST0015,Customer 15,Contact 15,"351 Street Name, City",+1-110-5114,customer15@example.com
CUST0016,Customer 16,Contact 16,"753 Street Name, City",+1-621-2502,customer16@example.com
CUST0017,Customer 17,Contact 17,"79 Street Name, City",+1-964-2258,customer17@example.com
CUST0018,Customer 18,Contact 18,"864 Street Name, City",+1-419-6685,customer18@example.com
CUST0019,Customer 19,Contact 19,"267 Street Name, City",+1-542-9670,customer19@example.com
CUST0020,Customer 20,Contact 20,"349 Street Name, City",+1-775-4210,customer20@example.com
CUST0021,Customer 21,Contact 21,"950 Street Name, City",+1-103-8931,customer21@example.com
CUST0022,Customer 22,Contact 22,"425 Street Name, City",+1-625-8420,customer22@example.com
CUST0023,Customer 23,Contact 23,"750 Street Name, City",+1-668-8356,customer23@example.com
CUST0024,Customer 24,Contact 24,"999 Street Name, City",+1-408-4667,customer24@example.com
CUST0025,Customer 25,Contact 25,"497 Street Name, City",+1-272-9729,customer25@example.com
CUST0026,Customer 26,Contact 26,"226 Street Name, City",+1-143-3201,customer26@example.com
CUST0027,Customer 27,Contact 27,"983 Street Name, City",+1-622-1420,customer27@example.com
CUST0028,Customer 28,Contact 28,"187 Street Name, City",+1-784-5256,customer28@example.com
CUST0029,Customer 29,Contact 29,"512 Street Name, City",+1-881-2391,customer29@example.com
CUST0030,Customer 30,Contact 30,"573 Street Name, City",+1-127-2470,customer30@example.com
CUST0031,Customer 31,Contact 31,"296 Street Name, City",+1-254-5522,customer31@example.com
CUST0032,Customer 32,Contact 32,"666 Street Name, City",+1-806-2242,customer32@example.com
CUST0033,Customer 33,Contact 33,"31 Street Name, City",+1-662-9580,customer33@example.com
CUST0034,Customer 34,Contact 34,"161 Street Name, City",+1-203-3027,customer34@example.com
CUST0035,Customer 35,Contact 35,"269 Street Name, City",+1-367-6849,customer35@example.com
CUST0036,Customer 36,Contact 36,"163 Street Name, City",+1-114-3464,customer36@example.com
CUST0037,Customer 37,Contact 37,"547 Street Name, City",+1-599-8737,customer37@example.com
CUST0038,Customer 38,Contact 38,"564 Street Name, City",+1-796-7525,customer38@example.com
CUST0039,Customer 39,Contact 39,"358 Street Name, City",+1-555-3512,customer39@example.com
CUST0040,Customer 40,Contact 40,"948 Street Name, City",+1-485-9042,customer40@example.com
CUST0041,Customer 41,Contact 41,"992 Street Name, City",+1-655-9254,customer41@example.com
CUST0042,Customer 42,Contact 42,"955 Street Name, City",+1-909-6835,customer42@example.com
CUST0043,Customer 43,Contact 43,"172 Street Name, City",+1-661-2270,customer43@example.com
CUST0044,Customer 44,Contact 44,"897 Street Name, City",+1-488-9005,customer44@example.com
CUST0045,Customer 45,Contact 45,"346 Street Name, City",+1-335-6826,customer45@example.com
CUST0046,Customer 46,Contact 46,"12 Street Name, City",+1-881-2819,customer46@example.com
CUST0047,Customer 47,Contact 47,"167 Street Name, City",+1-945-3112,customer47@example.com
CUST0048,Customer 48,Contact 48,"123 Street Name, City",+1-961-1914,customer48@example.com
CUST0049,Customer 49,Contact 49,"273 Street Name, City",+1-988-4945,customer49@example.com
CUST0050,Customer 50,Contact 50,"934 Street Name, City",+1-554-9938,customer50@example.com
CUST0051,Customer 51,Contact 51,"567 Street Name, City",+1-309-7464,customer51@example.com
CUST0052,Customer 52,Contact 52,"941 Street Name, City",+1-976-7679,customer52@example.com
CUST0053,Customer 53,Contact 53,"99 Street Name, City",+1-797-4754,customer53@example.com
CUST0054,Customer 54,Contact 54,"363 Street Name, City",+1-721-5098,customer54@example.com
CUST0055,Customer 55,Contact 55,"364 Street Name, City",+1-599-3533,customer55@example.com
CUST0056,Customer 56,Contact 56,"259 Street Name, City",+1-960-9485,customer56@example.com
CUST0057,Customer 57,Contact 57,"952 Street Name, City",+1-381-5949,customer57@example.com
CUST0058,Customer 58,Contact 58,"391 Street Name, City",+1-799-7758,customer58@example.com
CUST0059,Customer 59,Contact 59,"748 Street Name, City",+1-249-2340,customer59@example.com
CUST0060,Customer 60,Contact 60,"840 Street Name, City",+1-271-1248,customer60@example.com
CUST0061,Customer 61,Contact 61,"766 Street Name, City",+1-111-5347,customer61@example.com
CUST0062,Customer 62,Contact 62,"996 Street Name, City",+1-657-2875,customer62@example.com
CUST0063,Customer 63,Contact 63,"693 Street Name, City",+1-359-5775,customer63@example.com
CUST0064,Customer 64,Contact 64,"222 Street Name, City",+1-212-2732,customer64@example.com
CUST0065,Customer 65,Contact 65,"32 Street Name, City",+1-420-8744,customer65@example.com
CUST0066,Customer 66,Contact 66,"538 Street Name, City",+1-529-9592,customer66@example.com
CUST0067,Customer 67,Contact 67,"189 Street Name, City",+1-263-2360,customer67@example.com
CUST0068,Customer 68,Contact 68,"464 Street Name, City",+1-153-7643,customer68@example.com
CUST0069,Customer 69,Contact 69,"854 Street Name, City",+1-736-7322,customer69@example.com
CUST0070,Customer 70,Contact 70,"976 Street Name, City",+1-136-6944,customer70@example.com
CUST0071,Customer 71,Contact 71,"591 Street Name, City",+1-343-5399,customer71@example.com
CUST0072,Customer 72,Contact 72,"634 Street Name, City",+1-782-6078,customer72@example.com
CUST0073,Customer 73,Contact 73,"48 Street Name, City",+1-113-4639,customer73@example.com
CUST0074,Customer 74,Contact 74,"107 Street Name, City",+1-343-8552,customer74@example.com
CUST0075,Customer 75,Contact 75,"600 Street Name, City",+1-103-2363,customer75@example.com
CUST0076,Customer 76,Contact 76,"449 Street Name, City",+1-212-8455,customer76@example.com
CUST0077,Customer 77,Contact 77,"424 Street Name, City",+1-439-6103,customer77@example.com
CUST0078,Customer 78,Contact 78,"132 Street Name, City",+1-385-4666,customer78@example.com
CUST0079,Customer 79,Contact 79,"81 Street Name, City",+1-307-9685,customer79@example.com
CUST0080,Customer 80,Contact 80,"169 Street Name, City",+1-912-5167,customer80@example.com
CUST0081,Customer 81,Contact 81,"992 Street Name, City",+1-377-8892,customer81@example.com
CUST0082,Customer 82,Contact 82,"682 Street Name, City",+1-589-8690,customer82@example.com
CUST0083,Customer 83,Contact 83,"7 Street Name, City",+1-360-4187,customer83@example.com
CUST0084,Customer 84,Contact 84,"437 Street Name, City",+1-963-2832,customer84@example.com
CUST0085,Customer 85,Contact 85,"631 Street Name, City",+1-361-8578,customer85@example.com
CUST0086,Customer 86,Contact 86,"107 Street Name, City",+1-912-8943,customer86@example.com
CUST0087,Customer 87,Contact 87,"496 Street Name, City",+1-321-9229,customer87@example.com
CUST0088,Customer 88,Contact 88,"774 Street Name, City",+1-437-5636,customer88@example.com
CUST0089,Customer 89,Contact 89,"472 Street Name, City",+1-425-6200,customer89@example.com
CUST0090,Customer 90,Contact 90,"290 Street Name, City",+1-609-8458,customer90@example.com
CUST0091,Customer 91,Contact 91,"396 Street Name, City",+1-906-7433,customer91@example.com
CUST0092,Customer 92,Contact 92,"928 Street Name, City",+1-498-1290,customer92@example.com
CUST0093,Customer 93,Contact 93,"984 Street Name, City",+1-708-8612,customer93@example.com
CUST0094,Customer 94,Contact 94,"20 Street Name, City",+1-793-5878,customer94@example.com
CUST0095,Customer 95,Contact 95,"490 Street Name, City",+1-575-3089,customer95@example.com
CUST0096,Customer 96,Contact 96,"458 Street Name, City",+1-386-5539,customer96@example.com
CUST0097,Customer 97,Contact 97,"908 Street Name, City",+1-940-3577,customer97@example.com
CUST0098,Customer 98,Contact 98,"439 Street Name, City",+1-958-6596,customer98@example.com
CUST0099,Customer 99,Contact 99,"471 Street Name, City",+1-160-3346,customer99@example.com
CUST0100,Customer 100,Contact 100,"691 Street Name, City",+1-752-6587,customer100@example.com
CUST0101,Customer 101,Contact 101,"755 Street Name, City",+1-595-4906,customer101@example.com
CUST0102,Customer 102,Contact 102,"180 Street Name, City",+1-553-6517,customer102@example.com
CUST0103,Customer 103,Contact 103,"257 Street Name, City",+1-231-4920,customer103@example.com
CUST0104,Customer 104,Contact 104,"560 Street Name, City",+1-169-7212,customer104@example.com
CUST0105,Customer 105,Contact 105,"193 Street Name, City",+1-103-9593,customer105@example.com
CUST0106,Customer 106,Contact 106,"907 Street Name, City",+1-208-5223,customer106@example.com
CUST0107,Customer 107,Contact 107,"670 Street Name, City",+1-880-6128,customer107@example.com
CUST0108,Customer 108,Contact 108,"153 Street Name, City",+1-823-6008,customer108@example.com
CUST0109,Customer 109,Contact 109,"726 Street Name, City",+1-275-2431,customer109@example.com
CUST0110,Customer 110,Contact 110,"317 Street Name, City",+1-491-2119,customer110@example.com
CUST0111,Customer 111,Contact 111,"944 Street Name, City",+1-234-1678,customer111@example.com
CUST0112,Customer 112,Contact 112,"260 Street Name, City",+1-350-7801,customer112@example.com
CUST0113,Customer 113,Contact 113,"425 Street Name, City",+1-168-4264,customer113@example.com
CUST0114,Customer 114,Contact 114,"649 Street Name, City",+1-737-2196,customer114@example.com
CUST0115,Customer 115,Contact 115,"80 Street Name, City",+1-268-3921,customer115@example.com
CUST0116,Customer 116,Contact 116,"788 Street Name, City",+1-107-6104,customer116@example.com
CUST0117,Customer 117,Contact 117,"582 Street Name, City",+1-250-7148,customer117@example.com
CUST0118,Customer 118,Contact 118,"858 Street Name, City",+1-664-5157,customer118@example.com
CUST0119,Customer 119,Contact 119,"520 Street Name, City",+1-344-2442,customer119@example.com
CUST0120,Customer 120,Contact 120,"741 Street Name, City",+1-537-8273,customer120@example.com
CUST0121,Customer 121,Contact 121,"501 Street Name, City",+1-196-8196,customer121@example.com
CUST0122,Customer 122,Contact 122,"783 Street Name, City",+1-384-8535,customer122@example.com
CUST0123,Customer 123,Contact 123,"328 Street Name, City",+1-341-2679,customer123@example.com
CUST0124,Customer 124,Contact 124,"231 Street Name, City",+1-592-3591,customer124@example.com
CUST0125,Customer 125,Contact 125,"412 Street Name, City",+1-550-6257,customer125@example.com
CUST0126,Customer 126,Contact 126,"121 Street Name, City",+1-972-2361,customer126@example.com
CUST0127,Customer 127,Contact 127,"387 Street Name, City",+1-318-6351,customer127@example.com
CUST0128,Customer 128,Contact 128,"926 Street Name, City",+1-501-2552,customer128@example.com
CUST0129,Customer 129,Contact 129,"898 Street Name, City",+1-981-7577,customer129@example.com
CUST0130,Customer 130,Contact 130,"140 Street Name, City",+1-326-1499,customer130@example.com
CUST0131,Customer 131,Contact 131,"362 Street Name, City",+1-610-1995,customer131@example.com
CUST0132,Customer 132,Contact 132,"164 Street Name, City",+1-720-5896,customer132@example.com
CUST0133,Customer 133,Contact 133,"363 Street Name, City",+1-326-1089,customer133@example.com
CUST0134,Customer 134,Contact 134,"613 Street Name, City",+1-126-2025,customer134@example.com
CUST0135,Customer 135,Contact 135,"466 Street Name, City",+1-457-8611,customer135@example.com
CUST0136,Customer 136,Contact 136,"919 Street Name, City",+1-851-4101,customer136@example.com
CUST0137,Customer 137,Contact 137,"975 Street Name, City",+1-516-2322,customer137@example.com
CUST0138,Customer 138,Contact 138,"4 Street Name, City",+1-838-9007,customer138@example.com
CUST0139,Customer 139,Contact 139,"6 Street Name, City",+1-259-6820,customer139@example.com
CUST0140,Customer 140,Contact 140,"583 Street Name, City",+1-159-7972,customer140@example.com
CUST0141,Customer 141,Contact 141,"480 Street Name, City",+1-139-2450,customer141@example.com
CUST0142,Customer 142,Contact 142,"77 Street Name, City",+1-922-4346,customer142@example.com
CUST0143,Customer 143,Contact 143,"369 Street Name, City",+1-990-6060,customer143@example.com
CUST0144,Customer 144,Contact 144,"736 Street Name, City",+1-484-7616,customer144@example.com
CUST0145,Customer 145,Contact 145,"739 Street Name, City",+1-689-3941,customer145@example.com
CUST0146,Customer 146,Contact 146,"82 Street Name, City",+1-374-5944,customer146@example.com
CUST0147,Customer 147,Contact 147,"748 Street Name, City",+1-761-2696,customer147@example.com
CUST0148,Customer 148,Contact 148,"936 Street Name, City",+1-113-3678,customer148@example.com
CUST0149,Customer 149,Contact 149,"389 Street Name, City",+1-541-2272,customer149@example.com
CUST0150,Customer 150,Contact 150,"745 Street Name, City",+1-696-6620,customer150@example.com
CUST0151,Customer 151,Contact 151,"300 Street Name, City",+1-380-5321,customer151@example.com
CUST0152,Customer 152,Contact 152,"924 Street Name, City",+1-567-1702,customer152@example.com
CUST0153,Customer 153,Contact 153,"173 Street Name, City",+1-372-9370,customer153@example.com
CUST0154,Customer 154,Contact 154,"292 Street Name, City",+1-109-3936,customer154@example.com
CUST0155,Customer 155,Contact 155,"114 Street Name, City",+1-251-5759,customer155@example.com
CUST0156,Customer 156,Contact 156,"351 Street Name, City",+1-994-1492,customer156@example.com
CUST0157,Customer 157,Contact 157,"154 Street Name, City",+1-282-7187,customer157@example.com
CUST0158,Customer 158,Contact 158,"775 Street Name, City",+1-455-4194,customer158@example.com
CUST0159,Customer 159,Contact 159,"781 Street Name, City",+1-902-9450,customer159@example.com
CUST0160,Customer 160,Contact 160,"539 Street Name, City",+1-578-1985,customer160@example.com
CUST0161,Customer 161,Contact 161,"460 Street Name, City",+1-953-1805,customer161@example.com
CUST0162,Customer 162,Contact 162,"190 Street Name, City",+1-814-6281,customer162@example.com
CUST0163,Customer 163,Contact 163,"537 Street Name, City",+1-481-2025,customer163@example.com
CUST0164,Customer 164,Contact 164,"641 Street Name, City",+1-174-2927,customer164@example.com
CUST0165,Customer 165,Contact 165,"946 Street Name, City",+1-304-6081,customer165@example.com
CUST0166,Customer 166,Contact 166,"99 Street Name, City",+1-242-3705,customer166@example.com
CUST0167,Customer 167,Contact 167,"30 Street Name, City",+1-180-4218,customer167@example.com
CUST0168,Customer 168,Contact 168,"228 Street Name, City",+1-710-4380,customer168@example.com
CUST0169,Customer 169,Contact 169,"244 Street Name, City",+1-694-2205,customer169@example.com
CUST0170,Customer 170,Contact 170,"572 Street Name, City",+1-983-7714,customer170@example.com
CUST0171,Customer 171,Contact 171,"725 Street Name, City",+1-146-2951,customer171@example.com
CUST0172,Customer 172,Contact 172,"17 Street Name, City",+1-849-8490,customer172@example.com
CUST0173,Customer 173,Contact 173,"819 Street Name, City",+1-948-4692,customer173@example.com
CUST0174,Customer 174,Contact 174,"106 Street Name, City",+1-905-5455,customer174@example.com
CUST0175,Customer 175,Contact 175,"802 Street Name, City",+1-427-5502,customer175@example.com
CUST0176,Customer 176,Contact 176,"679 Street Name, City",+1-825-6281,customer176@example.com
CUST0177,Customer 177,Contact 177,"772 Street Name, City",+1-516-4209,customer177@example.com
CUST0178,Customer 178,Contact 178,"525 Street Name, City",+1-651-8457,customer178@example.com
CUST0179,Customer 179,Contact 179,"457 Street Name, City",+1-459-7799,customer179@example.com
CUST0180,Customer 180,Contact 180,"613 Street Name, City",+1-425-6589,customer180@example.com
CUST0181,Customer 181,Contact 181,"895 Street Name, City",+1-217-8218,customer181@example.com
CUST0182,Customer 182,Contact 182,"790 Street Name, City",+1-474-3941,customer182@example.com
CUST0183,Customer 183,Contact 183,"47 Street Name, City",+1-617-3258,customer183@example.com
CUST0184,Customer 184,Contact 184,"399 Street Name, City",+1-670-4016,customer184@example.com
CUST0185,Customer 185,Contact 185,"30 Street Name, City",+1-232-7328,customer185@example.com
CUST0186,Customer 186,Contact 186,"379 Street Name, City",+1-387-8144,customer186@example.com
CUST0187,Customer 187,Contact 187,"554 Street Name, City",+1-153-9769,customer187@example.com
CUST0188,Customer 188,Contact 188,"732 Street Name, City",+1-610-7366,customer188@example.com
CUST0189,Customer 189,Contact 189,"491 Street Name, City",+1-272-6690,customer189@example.com
CUST0190,Customer 190,Contact 190,"698 Street Name, City",+1-504-4404,customer190@example.com
CUST0191,Customer 191,Contact 191,"648 Street Name, City",+1-289-3680,customer191@example.com
CUST0192,Customer 192,Contact 192,"108 Street Name, City",+1-426-4873,customer192@example.com
CUST0193,Customer 193,Contact 193,"814 Street Name, City",+1-369-9347,customer193@example.com
CUST0194,Customer 194,Contact 194,"424 Street Name, City",+1-820-7405,customer194@example.com
CUST0195,Customer 195,Contact 195,"205 Street Name, City",+1-247-1643,customer195@example.com
CUST0196,Customer 196,Contact 196,"36 Street Name, City",+1-889-4647,customer196@example.com
CUST0197,Customer 197,Contact 197,"843 Street Name, City",+1-875-3375,customer197@example.com
CUST0198,Customer 198,Contact 198,"359 Street Name, City",+1-171-2719,customer198@example.com
CUST0199,Customer 199,Contact 199,"622 Street Name, City",+1-196-1169,customer199@example.com
CUST0200,Customer 200,Contact 200,"843 Street Name, City",+1-661-7571,customer200@example.com
CUST0201,Customer 201,Contact 201,"503 Street Name, City",+1-520-5341,customer201@example.com
CUST0202,Customer 202,Contact 202,"163 Street Name, City",+1-925-3726,customer202@example.com
CUST0203,Customer 203,Contact 203,"546 Street Name, City",+1-630-1905,customer203@example.com
CUST0204,Customer 204,Contact 204,"816 Street Name, City",+1-792-8770,customer204@example.com
CUST0205,Customer 205,Contact 205,"823 Street Name, City",+1-153-4394,customer205@example.com
CUST0206,Customer 206,Contact 206,"335 Street Name, City",+1-610-8302,customer206@example.com
CUST0207,Customer 207,Contact 207,"155 Street Name, City",+1-704-7229,customer207@example.com
CUST0208,Customer 208,Contact 208,"807 Street Name, City",+1-896-1057,customer208@example.com
CUST0209,Customer 209,Contact 209,"752 Street Name, City",+1-931-9539,customer209@example.com
CUST0210,Customer 210,Contact 210,"417 Street Name, City",+1-977-5379,customer210@example.com
CUST0211,Customer 211,Contact 211,"330 Street Name, City",+1-726-6588,customer211@example.com
CUST0212,Customer 212,Contact 212,"259 Street Name, City",+1-209-2026,customer212@example.com
CUST0213,Customer 213,Contact 213,"188 Street Name, City",+1-919-9367,customer213@example.com
CUST0214,Customer 214,Contact 214,"653 Street Name, City",+1-108-8835,customer214@example.com
CUST0215,Customer 215,Contact 215,"46 Street Name, City",+1-568-9850,customer215@example.com
CUST0216,Customer 216,Contact 216,"343 Street Name, City",+1-487-4810,customer216@example.com
CUST0217,Customer 217,Contact 217,"29 Street Name, City",+1-472-1098,customer217@example.com
CUST0218,Customer 218,Contact 218,"898 Street Name, City",+1-540-6965,customer218@example.com
CUST0219,Customer 219,Contact 219,"754 Street Name, City",+1-887-9463,customer219@example.com
CUST0220,Customer 220,Contact 220,"711 Street Name, City",+1-672-5360,customer220@example.com
CUST0221,Customer 221,Contact 221,"146 Street Name, City",+1-203-6390,customer221@example.com
CUST0222,Customer 222,Contact 222,"294 Street Name, City",+1-434-6511,customer222@example.com
CUST0223,Customer 223,Contact 223,"157 Street Name, City",+1-210-3583,customer223@example.com
CUST0224,Customer 224,Contact 224,"879 Street Name, City",+1-743-7808,customer224@example.com
CUST0225,Customer 225,Contact 225,"250 Street Name, City",+1-178-6468,customer225@example.com
CUST0226,Customer 226,Contact 226,"334 Street Name, City",+1-531-1768,customer226@example.com
CUST0227,Customer 227,Contact 227,"613 Street Name, City",+1-509-9953,customer227@example.com
CUST0228,Customer 228,Contact 228,"378 Street Name, City",+1-514-7402,customer228@example.com
CUST0229,Customer 229,Contact 229,"842 Street Name, City",+1-191-3451,customer229@example.com
CUST0230,Customer 230,Contact 230,"798 Street Name, City",+1-406-2603,customer230@example.com
CUST0231,Customer 231,Contact 231,"28 Street Name, City",+1-991-8522,customer231@example.com
CUST0232,Customer 232,Contact 232,"906 Street Name, City",+1-655-5913,customer232@example.com
CUST0233,Customer 233,Contact 233,"443 Street Name, City",+1-838-1499,customer233@example.com
CUST0234,Customer 234,Contact 234,"553 Street Name, City",+1-524-7283,customer234@example.com
CUST0235,Customer 235,Contact 235,"178 Street Name, City",+1-629-6827,customer235@example.com
CUST0236,Customer 236,Contact 236,"48 Street Name, City",+1-688-5695,customer236@example.com
CUST0237,Customer 237,Contact 237,"750 Street Name, City",+1-397-4699,customer237@example.com
CUST0238,Customer 238,Contact 238,"114 Street Name, City",+1-572-5442,customer238@example.com
CUST0239,Customer 239,Contact 239,"788 Street Name, City",+1-308-4324,customer239@example.com
CUST0240,Customer 240,Contact 240,"549 Street Name, City",+1-397-6701,customer240@example.com
CUST0241,Customer 241,Contact 241,"297 Street Name, City",+1-810-3166,customer241@example.com
CUST0242,Customer 242,Contact 242,"483 Street Name, City",+1-659-7168,customer242@example.com
CUST0243,Customer 243,Contact 243,"218 Street Name, City",+1-367-2545,customer243@example.com
CUST0244,Customer 244,Contact 244,"617 Street Name, City",+1-564-8124,customer244@example.com
CUST0245,Customer 245,Contact 245,"966 Street Name, City",+1-449-6303,customer245@example.com
CUST0246,Customer 246,Contact 246,"924 Street Name, City",+1-875-3527,customer246@example.com
CUST0247,Customer 247,Contact 247,"246 Street Name, City",+1-740-7636,customer247@example.com
CUST0248,Customer 248,Contact 248,"848 Street Name, City",+1-558-7456,customer248@example.com
CUST0249,Customer 249,Contact 249,"449 Street Name, City",+1-513-8728,customer249@example.com
CUST0250,Customer 250,Contact 250,"939 Street Name, City",+1-439-4878,customer250@example.com
CUST0251,Customer 251,Contact 251,"839 Street Name, City",+1-517-5883,customer251@example.com
CUST0252,Customer 252,Contact 252,"479 Street Name, City",+1-347-3624,customer252@example.com
CUST0253,Customer 253,Contact 253,"271 Street Name, City",+1-262-3722,customer253@example.com
CUST0254,Customer 254,Contact 254,"152 Street Name, City",+1-233-1422,customer254@example.com
CUST0255,Customer 255,Contact 255,"261 Street Name, City",+1-569-6208,customer255@example.com
CUST0256,Customer 256,Contact 256,"412 Street Name, City",+1-264-9061,customer256@example.com
CUST0257,Customer 257,Contact 257,"846 Street Name, City",+1-951-7871,customer257@example.com
CUST0258,Customer 258,Contact 258,"515 Street Name, City",+1-960-1671,customer258@example.com
CUST0259,Customer 259,Contact 259,"931 Street Name, City",+1-621-9842,customer259@example.com
CUST0260,Customer 260,Contact 260,"581 Street Name, City",+1-210-5222,customer260@example.com
CUST0261,Customer 261,Contact 261,"959 Street Name, City",+1-627-8223,customer261@example.com
CUST0262,Customer 262,Contact 262,"887 Street Name, City",+1-204-8507,customer262@example.com
CUST0263,Customer 263,Contact 263,"170 Street Name, City",+1-164-5279,customer263@example.com
CUST0264,Customer 264,Contact 264,"620 Street Name, City",+1-108-9036,customer264@example.com
CUST0265,Customer 265,Contact 265,"385 Street Name, City",+1-110-1379,customer265@example.com
CUST0266,Customer 266,Contact 266,"520 Street Name, City",+1-103-8416,customer266@example.com
CUST0267,Customer 267,Contact 267,"484 Street Name, City",+1-664-7680,customer267@example.com
CUST0268,Customer 268,Contact 268,"275 Street Name, City",+1-504-2034,customer268@example.com
CUST0269,Customer 269,Contact 269,"528 Street Name, City",+1-260-9317,customer269@example.com
CUST0270,Customer 270,Contact 270,"410 Street Name, City",+1-291-1679,customer270@example.com
CUST0271,Customer 271,Contact 271,"637 Street Name, City",+1-302-6756,customer271@example.com
CUST0272,Customer 272,Contact 272,"888 Street Name, City",+1-258-5447,customer272@example.com
CUST0273,Customer 273,Contact 273,"992 Street Name, City",+1-613-2144,customer273@example.com
CUST0274,Customer 274,Contact 274,"705 Street Name, City",+1-701-4811,customer274@example.com
CUST0275,Customer 275,Contact 275,"646 Street Name, City",+1-485-7218,customer275@example.com
CUST0276,Customer 276,Contact 276,"310 Street Name, City",+1-582-3496,customer276@example.com
CUST0277,Customer 277,Contact 277,"127 Street Name, City",+1-373-1118,customer277@example.com
CUST0278,Customer 278,Contact 278,"38 Street Name, City",+1-288-1138,customer278@example.com
CUST0279,Customer 279,Contact 279,"705 Street Name, City",+1-225-5507,customer279@example.com
CUST0280,Customer 280,Contact 280,"60 Street Name, City",+1-318-7786,customer280@example.com
CUST0281,Customer 281,Contact 281,"645 Street Name, City",+1-701-9739,customer281@example.com
CUST0282,Customer 282,Contact 282,"212 Street Name, City",+1-854-8118,customer282@example.com
CUST0283,Customer 283,Contact 283,"543 Street Name, City",+1-125-3172,customer283@example.com
CUST0284,Customer 284,Contact 284,"278 Street Name, City",+1-385-8795,customer284@example.com
CUST0285,Customer 285,Contact 285,"955 Street Name, City",+1-437-1823,customer285@example.com
CUST0286,Customer 286,Contact 286,"27 Street Name, City",+1-172-4535,customer286@example.com
CUST0287,Customer 287,Contact 287,"641 Street Name, City",+1-135-4478,customer287@example.com
CUST0288,Customer 288,Contact 288,"112 Street Name, City",+1-390-1244,customer288@example.com
CUST0289,Customer 289,Contact 289,"167 Street Name, City",+1-408-9308,customer289@example.com
CUST0290,Customer 290,Contact 290,"342 Street Name, City",+1-889-7004,customer290@example.com
CUST0291,Customer 291,Contact 291,"518 Street Name, City",+1-625-6322,customer291@example.com
CUST0292,Customer 292,Contact 292,"714 Street Name, City",+1-559-6677,customer292@example.com
CUST0293,Customer 293,Contact 293,"308 Street Name, City",+1-922-8785,customer293@example.com
CUST0294,Customer 294,Contact 294,"690 Street Name, City",+1-361-5044,customer294@example.com
CUST0295,Customer 295,Contact 295,"131 Street Name, City",+1-916-1070,customer295@example.com
CUST0296,Customer 296,Contact 296,"992 Street Name, City",+1-849-7610,customer296@example.com
CUST0297,Customer 297,Contact 297,"676 Street Name, City",+1-492-9141,customer297@example.com
CUST0298,Customer 298,Contact 298,"740 Street Name, City",+1-446-1702,customer298@example.com
CUST0299,Customer 299,Contact 299,"266 Street Name, City",+1-856-8705,customer299@example.com
CUST0300,Customer 300,Contact 300,"277 Street Name, City",+1-901-4764,customer300@example.com
CUST0301,Customer 301,Contact 301,"376 Street Name, City",+1-136-3931,customer301@example.com
CUST0302,Customer 302,Contact 302,"772 Street Name, City",+1-887-1618,customer302@example.com
CUST0303,Customer 303,Contact 303,"894 Street Name, City",+1-649-5631,customer303@example.com
CUST0304,Customer 304,Contact 304,"915 Street Name, City",+1-599-9261,customer304@example.com
CUST0305,Customer 305,Contact 305,"782 Street Name, City",+1-173-4400,customer305@example.com
CUST0306,Customer 306,Contact 306,"319 Street Name, City",+1-128-8400,customer306@example.com
CUST0307,Customer 307,Contact 307,"605 Street Name, City",+1-768-7375,customer307@example.com
CUST0308,Customer 308,Contact 308,"329 Street Name, City",+1-190-8666,customer308@example.com
CUST0309,Customer 309,Contact 309,"454 Street Name, City",+1-638-6353,customer309@example.com
CUST0310,Customer 310,Contact 310,"937 Street Name, City",+1-105-4076,customer310@example.com
CUST0311,Customer 311,Contact 311,"456 Street Name, City",+1-941-7577,customer311@example.com
CUST0312,Customer 312,Contact 312,"980 Street Name, City",+1-373-5928,customer312@example.com
CUST0313,Customer 313,Contact 313,"260 Street Name, City",+1-533-8756,customer313@example.com
CUST0314,Customer 314,Contact 314,"330 Street Name, City",+1-481-7344,customer314@example.com
CUST0315,Customer 315,Contact 315,"89 Street Name, City",+1-769-5792,customer315@example.com
CUST0316,Customer 316,Contact 316,"279 Street Name, City",+1-385-9972,customer316@example.com
CUST0317,Customer 317,Contact 317,"297 Street Name, City",+1-972-7883,customer317@example.com
CUST0318,Customer 318,Contact 318,"795 Street Name, City",+1-297-1117,customer318@example.com
CUST0319,Customer 319,Contact 319,"951 Street Name, City",+1-419-5721,customer319@example.com
CUST0320,Customer 320,Contact 320,"780 Street Name, City",+1-159-8831,customer320@example.com
CUST0321,Customer 321,Contact 321,"400 Street Name, City",+1-497-5774,customer321@example.com
CUST0322,Customer 322,Contact 322,"975 Street Name, City",+1-676-8363,customer322@example.com
CUST0323,Customer 323,Contact 323,"443 Street Name, City",+1-775-8283,customer323@example.com
CUST0324,Customer 324,Contact 324,"434 Street Name, City",+1-464-2235,customer324@example.com
CUST0325,Customer 325,Contact 325,"612 Street Name, City",+1-481-1793,customer325@example.com
CUST0326,Customer 326,Contact 326,"159 Street Name, City",+1-267-7500,customer326@example.com
CUST0327,Customer 327,Contact 327,"966 Street Name, City",+1-125-8355,customer327@example.com
CUST0328,Customer 328,Contact 328,"389 Street Name, City",+1-256-8338,customer328@example.com
CUST0329,Customer 329,Contact 329,"478 Street Name, City",+1-740-4656,customer329@example.com
CUST0330,Customer 330,Contact 330,"559 Street Name, City",+1-476-6084,customer330@example.com
CUST0331,Customer 331,Contact 331,"984 Street Name, City",+1-108-6218,customer331@example.com
CUST0332,Customer 332,Contact 332,"488 Street Name, City",+1-382-7029,customer332@example.com
CUST0333,Customer 333,Contact 333,"739 Street Name, City",+1-680-3899,customer333@example.com
CUST0334,Customer 334,Contact 334,"473 Street Name, City",+1-308-2592,customer334@example.com
CUST0335,Customer 335,Contact 335,"655 Street Name, City",+1-724-4855,customer335@example.com
CUST0336,Customer 336,Contact 336,"728 Street Name, City",+1-674-1598,customer336@example.com
CUST0337,Customer 337,Contact 337,"418 Street Name, City",+1-582-9898,customer337@example.com
CUST0338,Customer 338,Contact 338,"69 Street Name, City",+1-743-7355,customer338@example.com
CUST0339,Customer 339,Contact 339,"365 Street Name, City",+1-228-8282,customer339@example.com
CUST0340,Customer 340,Contact 340,"187 Street Name, City",+1-687-2177,customer340@example.com
CUST0341,Customer 341,Contact 341,"271 Street Name, City",+1-871-9673,customer341@example.com
CUST0342,Customer 342,Contact 342,"963 Street Name, City",+1-161-9814,customer342@example.com
CUST0343,Customer 343,Contact 343,"627 Street Name, City",+1-968-8536,customer343@example.com
CUST0344,Customer 344,Contact 344,"1 Street Name, City",+1-113-4612,customer344@example.com
CUST0345,Customer 345,Contact 345,"604 Street Name, City",+1-714-2940,customer345@example.com
CUST0346,Customer 346,Contact 346,"358 Street Name, City",+1-530-9153,customer346@example.com
CUST0347,Customer 347,Contact 347,"31 Street Name, City",+1-118-6869,customer347@example.com
CUST0348,Customer 348,Contact 348,"319 Street Name, City",+1-748-2879,customer348@example.com
CUST0349,Customer 349,Contact 349,"651 Street Name, City",+1-123-4457,customer349@example.com
CUST0350,Customer 350,Contact 350,"129 Street Name, City",+1-885-1528,customer350@example.com
CUST0351,Customer 351,Contact 351,"401 Street Name, City",+1-989-9663,customer351@example.com
CUST0352,Customer 352,Contact 352,"543 Street Name, City",+1-719-9767,customer352@example.com
CUST0353,Customer 353,Contact 353,"667 Street Name, City",+1-202-4643,customer353@example.com
CUST0354,Customer 354,Contact 354,"438 Street Name, City",+1-202-9937,customer354@example.com
CUST0355,Customer 355,Contact 355,"112 Street Name, City",+1-622-4507,customer355@example.com
CUST0356,Customer 356,Contact 356,"580 Street Name, City",+1-219-7745,customer356@example.com
CUST0357,Customer 357,Contact 357,"149 Street Name, City",+1-710-1119,customer357@example.com
CUST0358,Customer 358,Contact 358,"9 Street Name, City",+1-543-8645,customer358@example.com
CUST0359,Customer 359,Contact 359,"552 Street Name, City",+1-477-7015,customer359@example.com
CUST0360,Customer 360,Contact 360,"822 Street Name, City",+1-882-7646,customer360@example.com
CUST0361,Customer 361,Contact 361,"657 Street Name, City",+1-955-4231,customer361@example.com
CUST0362,Customer 362,Contact 362,"342 Street Name, City",+1-769-6663,customer362@example.com
CUST0363,Customer 363,Contact 363,"484 Street Name, City",+1-134-4047,customer363@example.com
CUST0364,Customer 364,Contact 364,"629 Street Name, City",+1-678-1250,customer364@example.com
CUST0365,Customer 365,Contact 365,"425 Street Name, City",+1-122-6740,customer365@example.com
CUST0366,Customer 366,Contact 366,"532 Street Name, City",+1-247-2838,customer366@example.com
CUST0367,Customer 367,Contact 367,"604 Street Name, City",+1-818-8913,customer367@example.com
CUST0368,Customer 368,Contact 368,"169 Street Name, City",+1-204-3119,customer368@example.com
CUST0369,Customer 369,Contact 369,"46 Street Name, City",+1-696-8080,customer369@example.com
CUST0370,Customer 370,Contact 370,"59 Street Name, City",+1-208-3191,customer370@example.com
CUST0371,Customer 371,Contact 371,"562 Street Name, City",+1-887-3965,customer371@example.com
CUST0372,Customer 372,Contact 372,"222 Street Name, City",+1-211-8950,customer372@example.com
CUST0373,Customer 373,Contact 373,"208 Street Name, City",+1-812-8217,customer373@example.com
CUST0374,Customer 374,Contact 374,"925 Street Name, City",+1-720-4519,customer374@example.com
CUST0375,Customer 375,Contact 375,"95 Street Name, City",+1-607-2108,customer375@example.com
CUST0376,Customer 376,Contact 376,"251 Street Name, City",+1-281-9532,customer376@example.com
CUST0377,Customer 377,Contact 377,"166 Street Name, City",+1-569-6393,customer377@example.com
CUST0378,Customer 378,Contact 378,"82 Street Name, City",+1-110-6865,customer378@example.com
CUST0379,Customer 379,Contact 379,"152 Street Name, City",+1-677-7290,customer379@example.com
CUST0380,Customer 380,Contact 380,"720 Street Name, City",+1-613-9477,customer380@example.com
CUST0381,Customer 381,Contact 381,"508 Street Name, City",+1-443-4532,customer381@example.com
CUST0382,Customer 382,Contact 382,"109 Street Name, City",+1-106-8715,customer382@example.com
CUST0383,Customer 383,Contact 383,"181 Street Name, City",+1-935-5980,customer383@example.com
CUST0384,Customer 384,Contact 384,"126 Street Name, City",+1-924-4832,customer384@example.com
CUST0385,Customer 385,Contact 385,"108 Street Name, City",+1-216-7407,customer385@example.com
CUST0386,Customer 386,Contact 386,"440 Street Name, City",+1-423-4957,customer386@example.com
CUST0387,Customer 387,Contact 387,"52 Street Name, City",+1-779-4411,customer387@example.com
CUST0388,Customer 388,Contact 388,"392 Street Name, City",+1-874-4672,customer388@example.com
CUST0389,Customer 389,Contact 389,"263 Street Name, City",+1-276-1979,customer389@example.com
CUST0390,Customer 390,Contact 390,"920 Street Name, City",+1-993-8700,customer390@example.com
CUST0391,Customer 391,Contact 391,"169 Street Name, City",+1-185-7191,customer391@example.com
CUST0392,Customer 392,Contact 392,"275 Street Name, City",+1-979-5986,customer392@example.com
CUST0393,Customer 393,Contact 393,"448 Street Name, City",+1-364-9431,customer393@example.com
CUST0394,Customer 394,Contact 394,"407 Street Name, City",+1-324-3998,customer394@example.com
CUST0395,Customer 395,Contact 395,"156 Street Name, City",+1-751-6324,customer395@example.com
CUST0396,Customer 396,Contact 396,"370 Street Name, City",+1-519-4121,customer396@example.com
CUST0397,Customer 397,Contact 397,"115 Street Name, City",+1-797-2987,customer397@example.com
CUST0398,Customer 398,Contact 398,"106 Street Name, City",+1-794-4208,customer398@example.com
CUST0399,Customer 399,Contact 399,"244 Street Name, City",+1-822-7140,customer399@example.com
CUST0400,Customer 400,Contact 400,"661 Street Name, City",+1-729-4359,customer400@example.com
CUST0401,Customer 401,Contact 401,"687 Street Name, City",+1-630-3863,customer401@example.com
CUST0402,Customer 402,Contact 402,"156 Street Name, City",+1-465-5426,customer402@example.com
CUST0403,Customer 403,Contact 403,"156 Street Name, City",+1-266-6331,customer403@example.com
CUST0404,Customer 404,Contact 404,"315 Street Name, City",+1-494-1669,customer404@example.com
CUST0405,Customer 405,Contact 405,"183 Street Name, City",+1-120-4870,customer405@example.com
CUST0406,Customer 406,Contact 406,"864 Street Name, City",+1-364-9077,customer406@example.com
CUST0407,Customer 407,Contact 407,"758 Street Name, City",+1-655-2630,customer407@example.com
CUST0408,Customer 408,Contact 408,"942 Street Name, City",+1-653-2849,customer408@example.com
CUST0409,Customer 409,Contact 409,"628 Street Name, City",+1-461-2819,customer409@example.com
CUST0410,Customer 410,Contact 410,"68 Street Name, City",+1-625-5280,customer410@example.com
CUST0411,Customer 411,Contact 411,"609 Street Name, City",+1-731-1724,customer411@example.com
CUST0412,Customer 412,Contact 412,"292 Street Name, City",+1-224-5958,customer412@example.com
CUST0413,Customer 413,Contact 413,"999 Street Name, City",+1-639-1516,customer413@example.com
CUST0414,Customer 414,Contact 414,"243 Street Name, City",+1-791-6504,customer414@example.com
CUST0415,Customer 415,Contact 415,"761 Street Name, City",+1-896-8325,customer415@example.com
CUST0416,Customer 416,Contact 416,"798 Street Name, City",+1-252-1552,customer416@example.com
CUST0417,Customer 417,Contact 417,"370 Street Name, City",+1-110-8693,customer417@example.com
CUST0418,Customer 418,Contact 418,"269 Street Name, City",+1-725-5122,customer418@example.com
CUST0419,Customer 419,Contact 419,"179 Street Name, City",+1-736-1545,customer419@example.com
CUST0420,Customer 420,Contact 420,"906 Street Name, City",+1-219-7792,customer420@example.com
CUST0421,Customer 421,Contact 421,"460 Street Name, City",+1-758-7415,customer421@example.com
CUST0422,Customer 422,Contact 422,"124 Street Name, City",+1-914-4509,customer422@example.com
CUST0423,Customer 423,Contact 423,"144 Street Name, City",+1-793-8625,customer423@example.com
CUST0424,Customer 424,Contact 424,"777 Street Name, City",+1-765-8876,customer424@example.com
CUST0425,Customer 425,Contact 425,"424 Street Name, City",+1-324-4050,customer425@example.com
CUST0426,Customer 426,Contact 426,"347 Street Name, City",+1-794-1777,customer426@example.com
CUST0427,Customer 427,Contact 427,"597 Street Name, City",+1-706-5550,customer427@example.com
CUST0428,Customer 428,Contact 428,"833 Street Name, City",+1-861-9717,customer428@example.com
CUST0429,Customer 429,Contact 429,"65 Street Name, City",+1-723-6072,customer429@example.com
CUST0430,Customer 430,Contact 430,"909 Street Name, City",+1-193-7931,customer430@example.com
CUST0431,Customer 431,Contact 431,"226 Street Name, City",+1-578-7011,customer431@example.com
CUST0432,Customer 432,Contact 432,"890 Street Name, City",+1-738-9228,customer432@example.com
CUST0433,Customer 433,Contact 433,"10 Street Name, City",+1-489-3583,customer433@example.com
CUST0434,Customer 434,Contact 434,"291 Street Name, City",+1-605-9786,customer434@example.com
CUST0435,Customer 435,Contact 435,"985 Street Name, City",+1-983-5179,customer435@example.com
CUST0436,Customer 436,Contact 436,"468 Street Name, City",+1-395-9263,customer436@example.com
CUST0437,Customer 437,Contact 437,"591 Street Name, City",+1-977-7096,customer437@example.com
CUST0438,Customer 438,Contact 438,"762 Street Name, City",+1-403-8002,customer438@example.com
CUST0439,Customer 439,Contact 439,"64 Street Name, City",+1-406-1147,customer439@example.com
CUST0440,Customer 440,Contact 440,"779 Street Name, City",+1-357-7205,customer440@example.com
CUST0441,Customer 441,Contact 441,"784 Street Name, City",+1-307-7378,customer441@example.com
CUST0442,Customer 442,Contact 442,"490 Street Name, City",+1-219-1586,customer442@example.com
CUST0443,Customer 443,Contact 443,"221 Street Name, City",+1-158-5662,customer443@example.com
CUST0444,Customer 444,Contact 444,"152 Street Name, City",+1-398-2631,customer444@example.com
CUST0445,Customer 445,Contact 445,"903 Street Name, City",+1-591-3051,customer445@example.com
CUST0446,Customer 446,Contact 446,"244 Street Name, City",+1-147-4262,customer446@example.com
CUST0447,Customer 447,Contact 447,"829 Street Name, City",+1-819-1349,customer447@example.com
CUST0448,Customer 448,Contact 448,"148 Street Name, City",+1-134-2227,customer448@example.com
CUST0449,Customer 449,Contact 449,"909 Street Name, City",+1-893-6919,customer449@example.com
CUST0450,Customer 450,Contact 450,"943 Street Name, City",+1-275-1212,customer450@example.com
CUST0451,Customer 451,Contact 451,"350 Street Name, City",+1-302-2721,customer451@example.com
CUST0452,Customer 452,Contact 452,"178 Street Name, City",+1-278-4818,customer452@example.com
CUST0453,Customer 453,Contact 453,"938 Street Name, City",+1-249-1779,customer453@example.com
CUST0454,Customer 454,Contact 454,"161 Street Name, City",+1-567-9592,customer454@example.com
CUST0455,Customer 455,Contact 455,"354 Street Name, City",+1-187-6958,customer455@example.com
CUST0456,Customer 456,Contact 456,"37 Street Name, City",+1-288-3651,customer456@example.com
CUST0457,Customer 457,Contact 457,"967 Street Name, City",+1-519-8398,customer457@example.com
CUST0458,Customer 458,Contact 458,"931 Street Name, City",+1-127-5292,customer458@example.com
CUST0459,Customer 459,Contact 459,"340 Street Name, City",+1-606-6930,customer459@example.com
CUST0460,Customer 460,Contact 460,"54 Street Name, City",+1-673-2014,customer460@example.com
CUST0461,Customer 461,Contact 461,"578 Street Name, City",+1-578-7142,customer461@example.com
CUST0462,Customer 462,Contact 462,"873 Street Name, City",+1-704-5036,customer462@example.com
CUST0463,Customer 463,Contact 463,"573 Street Name, City",+1-539-3611,customer463@example.com
CUST0464,Customer 464,Contact 464,"979 Street Name, City",+1-975-8379,customer464@example.com
CUST0465,Customer 465,Contact 465,"744 Street Name, City",+1-627-8912,customer465@example.com
CUST0466,Customer 466,Contact 466,"896 Street Name, City",+1-819-6613,customer466@example.com
CUST0467,Customer 467,Contact 467,"298 Street Name, City",+1-802-3074,customer467@example.com
CUST0468,Customer 468,Contact 468,"782 Street Name, City",+1-829-8253,customer468@example.com
CUST0469,Customer 469,Contact 469,"784 Street Name, City",+1-523-9763,customer469@example.com
CUST0470,Customer 470,Contact 470,"120 Street Name, City",+1-452-6180,customer470@example.com
CUST0471,Customer 471,Contact 471,"706 Street Name, City",+1-671-1807,customer471@example.com
CUST0472,Customer 472,Contact 472,"411 Street Name, City",+1-199-9200,customer472@example.com
CUST0473,Customer 473,Contact 473,"877 Street Name, City",+1-118-6927,customer473@example.com
CUST0474,Customer 474,Contact 474,"525 Street Name, City",+1-279-5540,customer474@example.com
CUST0475,Customer 475,Contact 475,"692 Street Name, City",+1-513-3731,customer475@example.com
CUST0476,Customer 476,Contact 476,"833 Street Name, City",+1-151-5373,customer476@example.com
CUST0477,Customer 477,Contact 477,"733 Street Name, City",+1-968-9496,customer477@example.com
CUST0478,Customer 478,Contact 478,"981 Street Name, City",+1-790-4278,customer478@example.com
CUST0479,Customer 479,Contact 479,"105 Street Name, City",+1-818-8317,customer479@example.com
CUST0480,Customer 480,Contact 480,"872 Street Name, City",+1-461-9246,customer480@example.com
CUST0481,Customer 481,Contact 481,"574 Street Name, City",+1-549-7296,customer481@example.com
CUST0482,Customer 482,Contact 482,"100 Street Name, City",+1-907-7161,customer482@example.com
CUST0483,Customer 483,Contact 483,"833 Street Name, City",+1-538-9890,customer483@example.com
CUST0484,Customer 484,Contact 484,"384 Street Name, City",+1-664-2978,customer484@example.com
CUST0485,Customer 485,Contact 485,"774 Street Name, City",+1-691-6796,customer485@example.com
CUST0486,Customer 486,Contact 486,"525 Street Name, City",+1-880-7779,customer486@example.com
CUST0487,Customer 487,Contact 487,"37 Street Name, City",+1-668-8172,customer487@example.com
CUST0488,Customer 488,Contact 488,"605 Street Name, City",+1-234-1791,customer488@example.com
CUST0489,Customer 489,Contact 489,"843 Street Name, City",+1-891-9959,customer489@example.com
CUST0490,Customer 490,Contact 490,"315 Street Name, City",+1-545-6013,customer490@example.com
CUST0491,Customer 491,Contact 491,"863 Street Name, City",+1-683-5542,customer491@example.com
CUST0492,Customer 492,Contact 492,"676 Street Name, City",+1-669-8637,customer492@example.com
CUST0493,Customer 493,Contact 493,"873 Street Name, City",+1-632-5562,customer493@example.com
CUST0494,Customer 494,Contact 494,"770 Street Name, City",+1-406-1166,customer494@example.com
CUST0495,Customer 495,Contact 495,"826 Street Name, City",+1-270-2784,customer495@example.com
CUST0496,Customer 496,Contact 496,"644 Street Name, City",+1-389-9298,customer496@example.com
CUST0497,Customer 497,Contact 497,"435 Street Name, City",+1-594-1413,customer497@example.com
CUST0498,Customer 498,Contact 498,"167 Street Name, City",+1-119-7777,customer498@example.com
CUST0499,Customer 499,Contact 499,"217 Street Name, City",+1-218-9814,customer499@example.com
CUST0500,Customer 500,Contact 500,"50 Street Name, City",+1-265-3148,customer500@example.com
