BranchID,BranchName,BranchCode,BranchAddress,BranchPhoneNumber
BRN000001,"Davis, Robles and Moore",fV605,"298 Moore Valleys Patriciaberg, NV 93113",001-439-404-7675x36595
BRN000002,Matthews-Lucero,sP502,"17207 Clark Highway West Dariusburgh, TN 12816",(884)906-4778x191
BRN000003,Wilson and Sons,xY377,"349 Brad Spurs Apt. 178 Lake Tonyatown, IN 22426",623-628-7203x625
BRN000004,Reid Inc,ed587,"63151 Calvin Inlet Jacksonton, PW 68103",693-444-5335x940
BRN000005,"Harrell, Dougherty and Vazquez",mW039,"7263 Smith Divide Suite 474 New Nicolefurt, SD 28276",(872)849-6736x145
BRN000006,Hansen Inc,RW984,"686 Chambers Drives Suite 265 Cummingsborough, CA 73060",+1-200-850-5097x555
BRN000007,Stewart Ltd,hg897,"224 Thomas Square Alfredport, NY 24424",604.369.6842
BRN000008,Gaines Group,wW841,"9905 Shelby Skyway New Kevin, MH 08045",(772)285-6382x26510
BRN000009,Mercado-Dunn,sg951,"798 Armstrong Wells East Martinberg, NM 02821",001-838-702-8023x03151
BRN000010,"Black, Reyes and Webster",fy241,USNS Green FPO AE 93034,255.909.6337x4402
BRN000011,Willis-Hughes,Hc525,"60861 Phillip Light Melissaview, OK 20926",001-637-569-8300x3136
BRN000012,Cooper and Sons,bG380,"79712 Scott Mill Suite 731 Clarkfurt, PR 70574",309.961.7071
BRN000013,Larson LLC,iS371,"19169 Raymond Islands New Richard, PR 47688",5093849433
BRN000014,Hayes PLC,Bo499,"9733 Anderson Port Suite 100 South Mariaville, IN 62228",+1-282-291-6870x290
BRN000015,"Davis, Alvarez and Perry",qX764,"2023 Phillips Streets Edwardston, TX 57934",785.733.2216
BRN000016,"Coleman, Edwards and Christian",YQ475,"251 Brown Mill Suite 042 New Tylerhaven, VI 43437",(538)979-5538x7759
BRN000017,Anderson PLC,xV053,"32562 Avery Harbor New Charlesberg, WA 28954",655.733.1289
BRN000018,Black Group,jJ229,"374 Miguel Mews Apt. 890 Tiffanyport, PR 16007",(270)310-0858
BRN000019,Garcia LLC,Sh330,"1933 Mariah Shore Suite 123 Lake Sheilaton, VA 27994",831.253.0275x4211
BRN000020,Macias Group,Id197,"7970 White Park Apt. 504 Lawrenceshire, CT 62863",(806)681-5196x333
BRN000021,Anderson-Stephenson,Hv545,"492 Andrews Walks Apt. 169 South William, SD 19197",832-994-3464x968
BRN000022,Chaney-Jones,ck485,"5899 Lane Road Brandonshire, WI 73060",463.311.6436x6372
BRN000023,Swanson Inc,xx970,"3942 Tina Circle Apt. 332 North Erinmouth, OH 12252",+1-617-977-5480x8735
BRN000024,"Collins, Mahoney and Wilson",Pr187,"543 Smith Point Apt. 809 Yvetteberg, KY 60864",645-595-1376x8496
BRN000025,Price-Valencia,OH735,"659 Javier Square Suite 325 West James, FM 70831",646.401.6510x971
BRN000026,Erickson-Washington,Qx092,"4501 Skinner Dale East Juanmouth, WA 54983",941-545-5815x1711
BRN000027,Collins-Dunn,qD957,"611 Blevins Pines Suite 881 East Glen, DC 51133",(232)670-0787
BRN000028,Golden-Beltran,jE505,"65484 Cook Branch Suite 952 Whitefort, IN 50116",+1-775-255-9564x8587
BRN000029,Harrison-Smith,fS448,"280 Lambert Prairie Apt. 734 Sarahside, NH 59816",001-912-203-7761x15828
BRN000030,Smith-Lewis,NW648,"485 Michael Summit Blevinsside, SD 34516",837.982.3916
BRN000031,"Brown, Vaughn and Hernandez",Ub319,"59681 Amanda Trail Lake Ronald, CA 89000",394-464-3171
BRN000032,Graves-Dyer,sV143,"33800 Brian Cliffs East Sarahland, SC 55567",509.749.2670
BRN000033,Woods PLC,Wp745,USNS Andrews FPO AP 41873,(218)919-4507
BRN000034,King-Lyons,Gs320,"51003 Curtis Knolls Apt. 588 West Garyshire, GA 20107",001-858-549-2852x018
BRN000035,George-Ramos,ux802,"5304 John Stream South Lisaville, VI 76733",649-704-8872x040
BRN000036,Villanueva PLC,Ke303,"8238 Woods Tunnel New Thomasfurt, GA 32204",660.271.3360x276
BRN000037,Baxter Group,gN013,"74206 Karen Forks Apt. 612 Watkinsmouth, TX 61796",262-554-8087
BRN000038,"Williams, Martin and Brown",js654,"6378 Christopher Bridge Williamsberg, DC 70085",954-239-9477x068
BRN000039,Smith-Hodges,Fl671,"54546 Grant Stream Apt. 605 Evansburgh, OR 89116",(881)837-9678
BRN000040,"Alvarez, Combs and Figueroa",KV635,Unit 8423 Box 9865 DPO AA 77100,604-287-5391x717
BRN000041,Walter LLC,Hm078,"8700 Cassidy Stravenue Suite 174 Careyburgh, NJ 01224",529-262-2728
BRN000042,"Lang, Spencer and King",aQ304,"059 Gonzalez Roads Suite 248 West John, VI 86557",538.453.6850
BRN000043,Brady Ltd,yZ873,"7469 Moss Ways Suite 365 South Sean, CO 34750",+1-762-428-8624
BRN000044,Jensen Inc,sX165,"2262 Scott Prairie Suite 977 Weissborough, CA 85420",700.940.8666
BRN000045,"Lam, Green and Boone",Vs897,"9196 Lisa Mountain Apt. 347 Singletonstad, SD 88624",799.533.2169x3888
BRN000046,Gonzales LLC,Jo557,"6753 King Shore Apt. 229 Davidmouth, NH 77364",(736)613-6254x0920
BRN000047,"Campbell, Mcdonald and King",MA972,"6746 Angela Prairie Apt. 258 North Nathanielview, MH 77293",001-940-575-1835x24063
BRN000048,"Oliver, Young and Brooks",Rh622,"0049 Chaney Forest Apt. 134 Port Mollymouth, VT 12425",964.622.7269x50049
BRN000049,Conner Ltd,ue938,"815 Craig Trafficway Suite 906 East Mollyshire, ME 84128",(973)571-3096
BRN000050,Martin-Maxwell,ZZ225,"40197 Jonathan Loaf Apt. 570 North Charles, MN 70918",001-628-691-1826x231
BRN000051,Camacho-Jones,vI453,"829 Russell Locks Apt. 810 New Kimberly, NE 91007",(248)443-0214
BRN000052,Smith and Sons,vo644,"90000 Simmons Key Suite 225 New Candicefort, VT 57902",(580)290-9937x5700
BRN000053,Ramirez-Walter,MQ426,USS Cobb FPO AE 42706,(371)362-6475x7977
BRN000054,"Baxter, Harris and Diaz",CK777,"1898 Anthony Ways Jonside, RI 99616",+1-764-643-5738x7391
BRN000055,"Gonzalez, Arnold and Adams",Pd148,"31756 Vanessa Mountain Suite 276 Port Charles, AZ 21257",454-217-2136
BRN000056,Mcintosh-Jones,Iz081,"38503 Smith Viaduct Apt. 547 Aprilborough, ND 61811",316-381-4727x440
BRN000057,"Huang, Williams and Carter",nJ461,"899 Lisa Rapids Apt. 093 East Jim, PA 80578",001-639-891-1444x90246
BRN000058,Johnson-Jenkins,Xr430,"210 John Viaduct Suite 872 Angelashire, IL 45276",001-751-291-0034x804
BRN000059,Conley-Wood,Py013,"28511 Matthew Extensions Suite 949 Simonside, SD 91393",516-265-7935x153
BRN000060,Harris and Sons,hb119,"5679 Evans Squares Suite 556 Henrymouth, DE 92504",001-733-245-5584
BRN000061,Kelly-Allen,GJ045,"23130 Douglas Common Apt. 379 Elizabethfurt, CA 36839",890-451-8443
BRN000062,Snyder Inc,Lr448,"8599 Carter Court Apt. 908 New Paultown, CT 15402",255.238.1921x015
BRN000063,"Cole, Rodriguez and Massey",Fb745,"39981 Christopher Bypass Stricklandbury, PW 41759",788-932-1962
BRN000064,Bush Ltd,tx112,"5096 Mendez Highway Suite 323 Amandaborough, ND 78817",518.513.7686x3976
BRN000065,Brown-Cunningham,Xr888,USNS Harper FPO AP 40255,001-526-564-3071x47105
BRN000066,Chang Group,QT468,"04420 Newton Points Suite 466 North Vincent, NC 46019",+1-710-370-5070
BRN000067,"Wise, Bell and Jones",El392,"10621 Gill Motorway Apt. 400 Perezbury, FL 50629",6744110182
BRN000068,"Griffin, Stafford and Brewer",aP016,"13438 Myers Pass East Carol, VI 09054",001-809-629-2886x126
BRN000069,Sanchez LLC,Ei319,USCGC Smith FPO AP 10238,+1-957-324-0460x933
BRN000070,"Dyer, Richardson and Huff",ZL747,"048 Webb Mission Apt. 801 West Samantha, IN 66412",905.726.4581x676
BRN000071,Richardson-Fernandez,oI517,"539 Key Street Lake Henryborough, PR 66150",+1-746-264-2663
BRN000072,Zimmerman-King,EB729,"71990 Sanchez Highway New Erik, PA 23388",540-832-0326x50962
BRN000073,Kim-Moreno,OW401,"574 Juarez Walk Suite 200 Annaton, IN 67822",506-381-3327
BRN000074,Simmons Group,Uz702,"577 Sanders Harbors Gloriabury, OK 14373",(381)266-8764x02853
BRN000075,Tucker Inc,zs280,"128 Ashley Light Lake Maryburgh, ND 77913",(206)871-7943x9459
BRN000076,Malone-Williams,eg821,"906 Robert Wall Port Stephaniehaven, NH 39584",(770)556-0548
BRN000077,"Ramos, Shaw and Fox",Eh840,"7616 Kevin Fork Herbertshire, IA 48969",001-901-675-5802x07703
BRN000078,"Lang, Ho and Newton",tB024,USCGC Valencia FPO AA 06575,001-545-994-5916x3631
BRN000079,Johnson-Stone,gi537,"43166 King Course New Laurenport, KS 96261",+1-577-219-9322
BRN000080,"Becker, Richardson and Medina",Ol765,"540 Tiffany Meadow West Melinda, VT 51905",(226)519-1388
BRN000081,"Simmons, Brooks and Williams",hA627,"8136 Brandon Park Apt. 818 East Jeremyville, PA 47847",001-359-698-5624
BRN000082,Logan and Sons,Ca342,"98572 Hill Station Suite 760 Aaronville, NH 84806",749-442-6307x908
BRN000083,Zhang and Sons,dd855,"47861 Mathew Well East Dana, NY 13406",579.467.6360
BRN000084,Davis-Gordon,Hr620,"7598 Woodard Alley Apt. 884 West Matthewstad, CT 69952",229-784-9350x330
BRN000085,Munoz-Jackson,Vb494,"75730 Tracy Mews Suite 716 Williamsshire, KS 78469",(585)369-3311x16889
BRN000086,"Garcia, Beck and Stewart",Fh537,"526 Cabrera Prairie Suite 990 Moniquestad, IA 19529",740-940-8285
BRN000087,"Garcia, Jones and Miller",kF142,"013 Julie Flats Apt. 415 Osbornstad, KS 94798",293-919-7942x14580
BRN000088,Johnston-Sanchez,fH840,"304 Webb Fall Grossburgh, DC 35596",+1-771-828-5976x57366
BRN000089,Morgan-Lee,Fm429,"1953 Rivas Crest Suite 604 Hugheshaven, WV 19287",970.365.4847x211
BRN000090,Gibson LLC,sE058,"47854 Tammy Locks Suite 519 Port Rhonda, MI 14987",001-476-633-7736
BRN000091,Harding-Koch,yt236,"54870 Johnson Wall Suite 908 Chandlerside, UT 28662",+1-405-445-0311x6796
BRN000092,Phillips-Ayala,yR012,"25742 Matthew Shores Port Brittany, UT 78568",471.846.5328x73943
BRN000093,"Collins, Hernandez and Ramos",oB377,USS Fuller FPO AE 63313,001-623-574-4431x1264
BRN000094,Duncan-Sanders,fW575,"711 Norman Forges Melissabury, PA 51136",375-462-6399x062
BRN000095,Henderson and Sons,Um443,"42672 Rodriguez Fort Suite 598 West Angela, NJ 09684",526.243.6340x435
BRN000096,"Campbell, Mccoy and Mcdowell",rr901,"15761 Mccann Crest Suite 527 Smithport, OR 14531",894.980.5567
BRN000097,"Harding, Walker and Miller",wu656,"21133 Christensen Coves Suite 316 New Nancybury, ND 80957",(620)718-7434x685
BRN000098,"Chapman, Mann and Torres",VC061,"95417 Michelle Forge Apt. 956 Thomasport, TX 91251",297.829.2973
BRN000099,Collins-Henry,HD195,"07054 Hernandez Run Christopherberg, PA 62435",584.974.9657
BRN000100,"Murray, Montgomery and Doyle",hm718,"305 Sonya Mission New Tiffany, OR 74013",(396)961-3487
BRN000101,Middleton Inc,yG424,"7648 Reed Pike Apt. 314 Devonland, SC 67598",(829)452-2279x817
BRN000102,Foley Ltd,zC468,"75315 Kaitlyn Lock Apt. 108 Burkeburgh, RI 82774",5582540716
BRN000103,Thompson Ltd,Mu604,"89577 Amanda Motorway Stevenchester, PW 21286",001-394-783-9401
BRN000104,Hampton-Harris,ZK611,"PSC 4333, Box 9648 APO AP 77721",379.431.1748x5375
BRN000105,Reese Inc,Yb048,"155 Miller Square South Jenniferport, MN 47492",251-207-9120x6628
BRN000106,"Gonzalez, Bryant and Williams",kn526,"48908 Jesse Hills Apt. 689 New Jenniferview, SD 47781",(365)851-0470x02734
BRN000107,Kim-Parks,QA967,"1103 Perry Isle Crawfordchester, NV 32109",001-688-601-5334x69765
BRN000108,Morse Inc,mo206,"4393 Lee Rest East Heather, MH 58662",560.944.6266
BRN000109,Morales Group,kv551,"35845 Elizabeth Points Suite 481 Lake Nicholasborough, AS 32805",722.997.8679x681
BRN000110,Green LLC,nD107,"093 Murray Lodge Port Tommy, SC 50689",613.881.3114
BRN000111,Wilcox Group,rY644,"58767 Lisa Common Suite 101 Angelaside, DE 55459",336-987-7321x8889
BRN000112,Clark and Sons,zu002,"338 Cruz Mall Lewisberg, CO 94087",+1-727-976-9962
BRN000113,Garcia Inc,gr244,"5446 David Valley Alexisshire, MI 21738",415.563.1389
BRN000114,Rice-Martin,pq334,"4410 Alex Forks Snyderchester, IL 01896",+1-726-731-7647x10977
BRN000115,Foley-Gates,lo749,"6163 Amber Forges North Joshua, FM 06058",567-915-7755
BRN000116,Garcia-Wells,IL106,"8518 Sherry Ridges Apt. 453 Lake Amandaside, WY 64258",(200)601-8797x748
BRN000117,Reese Ltd,sE154,"67955 Watts Roads Hickmantown, FL 82674",(316)289-1971x8919
BRN000118,Cox Ltd,ql114,USS Beck FPO AE 07212,+1-551-283-8378x581
BRN000119,Moore-Melton,yo016,"541 Roger Lane Port Keith, MI 18867",831.248.3290x7807
BRN000120,Rodriguez-Leon,As325,"1562 Kim Port West April, FL 79205",278-661-4626x07071
BRN000121,Bullock Group,kX990,"9027 Reese Expressway Apt. 597 Lake Andreatown, PW 40731",(489)287-4213
BRN000122,"Owens, Galvan and Bass",uX905,"809 Munoz Island Greenland, IL 44418",855-420-3511
BRN000123,Barron-Peterson,WL388,"614 Mindy Loaf Apt. 664 Williamsmouth, CT 46844",929.758.3103
BRN000124,Knight-Rodriguez,ka885,"361 Coleman Mount Suite 505 Chandlerport, SC 75369",+1-312-905-9168x781
BRN000125,"Powers, Phillips and Drake",bn513,"6021 Kim Circle Scottshire, ND 50267",945.390.6911x237
BRN000126,Abbott PLC,Qp580,"408 Mckay Crescent New Josephfort, KY 14232",+1-290-897-4706x60968
BRN000127,Roberson PLC,TG050,"53697 Grant Parkway Jeffreyberg, VT 85993",+1-401-412-6881x3381
BRN000128,Johnson Group,fw216,"748 Brown Squares West Anthonyhaven, NJ 95965",427.909.8347
BRN000129,Crawford and Sons,Yp847,"375 Maurice Coves Suite 873 Port Jamieton, VI 16940",741.686.6962x034
BRN000130,Randall-Gray,rZ824,USNS Holland FPO AA 06152,305.222.5491
BRN000131,"Fuller, Moore and Rodriguez",lM961,"941 Sarah Fields Susanfort, PR 22256",+1-989-674-3537x044
BRN000132,"Meyer, Cherry and Watson",ex452,"784 Watts Alley Apt. 481 Floresport, AL 70727",368-430-0214
BRN000133,Martin LLC,mF669,"9819 Higgins Mews South Lonnie, DC 18868",+1-227-917-6476x91572
BRN000134,Johnson and Sons,LX846,"9528 Donald Plaza Port Leslietown, AR 98193",915-933-6191x7590
BRN000135,Vance LLC,KM120,"12022 Phillip Loaf Apt. 786 Caldwellshire, NE 62770",3917647630
BRN000136,Barrera Inc,Kj563,"7633 Sheryl Stravenue Anaside, ND 71825",341-483-1533
BRN000137,Arnold-Williamson,zx982,"443 Ashley Junctions Apt. 508 Huntertown, GU 71022",304.990.4626
BRN000138,Warner Inc,yY552,"34574 Hood Place Taylorbury, NJ 60038",647-370-7755x2775
BRN000139,"Contreras, Phillips and Sanchez",HR103,USCGC Mcdowell FPO AE 91212,+1-238-758-3451x338
BRN000140,Sanchez-Wilson,mQ040,"46441 Kevin Springs Joymouth, RI 14807",552-335-5836x32620
BRN000141,Alvarez and Sons,ze033,"4579 Gonzales Path Apt. 906 Ruizborough, CT 58363",(772)251-4634
BRN000142,Jones-Pearson,Jy867,"85100 Benjamin Overpass Apt. 092 Port Jacquelinefurt, NY 96826",001-870-428-7042x334
BRN000143,Thomas-Smith,tG953,"18465 Brenda Road Suite 707 Reedburgh, FM 28458",989.943.9706
BRN000144,"Lopez, Little and Perry",so317,"61873 Sarah Camp Suite 209 South Teresamouth, DE 82416",587.717.2157x020
BRN000145,"Wang, Young and Rich",qJ697,"11244 Nicholas Row Connorville, VT 62834",763-537-5941x641
BRN000146,Schultz Ltd,za543,"1647 Miller Village North Jason, TX 35598",001-375-473-2213x5787
BRN000147,"Gallagher, Romero and Smith",if097,"142 Robinson Curve East Manuelmouth, AK 68630",001-439-532-1396x986
BRN000148,Young-Dunn,iy757,"9204 Guerra Roads Apt. 801 Port Meganstad, RI 28493",001-920-253-3551x2043
BRN000149,Medina-Wagner,nC370,"436 Michael Stravenue Apt. 432 Bradleymouth, AS 06381",6388806804
BRN000150,Higgins and Sons,iR225,"8440 Sellers Rest West Ryanville, OH 37467",001-862-417-9573x7075
BRN000151,Edwards-Butler,Ft495,"8632 Anderson Park Lewisville, ND 79026",001-391-331-3906x9074
BRN000152,Donovan-Silva,yT190,"9335 Moyer Street Apt. 075 East Kimberlyside, CT 73262",376-557-4438x3203
BRN000153,"Colon, Burns and Pearson",BT970,Unit 0428 Box 2849 DPO AE 35381,918-231-8244x59884
BRN000154,Palmer-Jennings,Cm173,"4082 Watkins Loop Apt. 125 Hernandezfurt, NM 44503",411.531.9634x861
BRN000155,"Hays, Davis and Hernandez",es507,"452 Lisa Land Collinsburgh, VI 81017",(716)832-6597
BRN000156,Mathis Ltd,BD286,"34988 Shannon Crossing Phillipport, WI 56668",001-653-250-9774x672
BRN000157,Turner Inc,BJ691,"69282 Andrea Wall East Randy, TN 98748",+1-709-506-1574
BRN000158,Harrington Group,BM617,"3263 Miller Dam Apt. 006 West David, MT 14361",383-847-3305x06099
BRN000159,Miller PLC,pW196,"84826 Fletcher Brook Lisaside, AR 49921",+1-814-447-6393x869
BRN000160,"King, Clark and Sanchez",Jb688,Unit 2085 Box 2981 DPO AP 96112,001-261-313-3509x3035
BRN000161,Holmes-Nguyen,Zh091,"78477 Heidi Mill Suite 787 New Nathanielmouth, PA 60760",(270)657-5650
BRN000162,Reyes and Sons,nH800,"771 Jennifer Plaza Hammondtown, IN 45881",513.227.0388
BRN000163,Jacobson-Hale,TP517,"9840 Kirby Canyon Fowlerberg, AR 16303",961-808-3022
BRN000164,"Acosta, Zhang and Clark",JN729,"2619 Whitney Track New Albert, TX 99176",5333639744
BRN000165,"Torres, Jimenez and Mata",Dd036,"94940 Patricia Glens Suite 989 Christyborough, NM 79906",583-304-1186x85557
BRN000166,Hernandez-Butler,ge274,"060 James Glens Suite 241 Vaughnfort, KS 98155",713-694-0244x01993
BRN000167,Vaughn and Sons,yY961,"80848 Charles Spur Billyhaven, RI 11588",001-220-721-8488
BRN000168,"Kane, Miller and Riley",dN321,"444 Stephens Estates North Vickie, HI 92825",776-422-7475
BRN000169,Scott-Shaw,NP454,"204 Dennis Station Raymondville, LA 76611",617-239-3905x872
BRN000170,Anderson Inc,ws783,"85072 Monica Throughway West Justin, OH 16310",+1-881-842-4873x1450
BRN000171,"Lee, Smith and Hunter",pI589,"1329 Cook Dale Suite 685 Berryhaven, VA 77771",(507)302-3311x852
BRN000172,"Chavez, Gonzales and Martin",Ba922,"60737 Kim Lakes Torresview, VA 63655",899.215.6766
BRN000173,Duran-Montgomery,rS288,"9136 Jose Valleys Port Ivan, MP 55208",(722)400-2069
BRN000174,"Brown, Cardenas and Thompson",dN912,"4164 Anne Terrace Port Jonathanbury, AL 08937",(772)656-6199x229
BRN000175,Peterson Ltd,oE285,"9512 Patrick Garden Garciaborough, NH 78903",427.672.2548x383
BRN000176,Boyd-Mills,nA153,Unit 3577 Box 3598 DPO AA 83547,375.950.4108x347
BRN000177,"Contreras, Martinez and Martin",xJ784,"PSC 4492, Box 6820 APO AA 37268",4784539953
BRN000178,Hansen and Sons,YR924,"707 Lyons Plaza Suite 244 Lake Christopherside, RI 47695",(818)923-8523x8817
BRN000179,"Hammond, Lopez and Foster",lY924,"9728 Ann Vista West Lisaberg, MD 85376",+1-997-801-1970
BRN000180,"Baker, Little and Bernard",Pf036,"198 Caitlin Neck Suite 866 Jenniferborough, HI 40523",226-320-4420x510
BRN000181,"Ford, Berger and West",bE065,"8841 Sean Trail Apt. 449 Kylefurt, WI 50298",2015276490
BRN000182,Riley LLC,AP383,"75377 Sanders Extensions Suite 814 Lake Mary, RI 98276",(291)373-0647x886
BRN000183,"Deleon, Smith and Boyle",yE616,"430 Bonnie Way Apt. 916 Brianton, ME 47045",825-600-6938
BRN000184,Smith-Hill,vk744,"90341 John Pass Kingside, IN 70433",+1-665-792-0299x977
BRN000185,Bailey-Brown,Nt349,"4683 Samantha Pike Port Earl, NE 73908",681.474.3362x406
BRN000186,Bridges-Thompson,BV962,"4409 Phillip Stream Apt. 458 Rebekahtown, WV 00875",+1-759-946-8533
BRN000187,Hinton-Burke,Dv926,"7505 Daniel Ports Reesefort, VI 95768",4647314039
BRN000188,Whitaker-Garcia,DH820,"598 Devin Bridge Perezfort, WY 02266",001-666-898-0093
BRN000189,Taylor-Mckenzie,Sq083,"89183 Richard Common Suite 013 Smithstad, IA 87838",(940)666-2290
BRN000190,"Wright, Mcgrath and Reese",nz329,Unit 9328 Box 3888 DPO AE 22387,(268)391-1603x6443
BRN000191,Russell-Decker,Ba540,"7845 Angelica Groves Suite 510 Ortegafort, NY 32636",870.447.5094x354
BRN000192,Chase-Wilson,Po093,"3069 Sanders Springs Lake Victoria, FM 78169",001-832-265-5118
BRN000193,"Carney, Cardenas and Henderson",qf175,"198 William Mills West Charlene, OK 61290",609.636.4710
BRN000194,Allen-Le,mA785,"996 Lisa Junction North Jeremyport, DE 89031",248-779-4812x106
BRN000195,"Walton, Andrews and Pennington",gO809,"3135 John Port Turnerchester, IL 24950",6443116768
BRN000196,Carr-Martinez,Ai359,USS Rush FPO AE 99427,201.990.3228
BRN000197,Golden Group,IN509,"983 Mark Run West Susan, VI 24867",869.973.7206x48419
BRN000198,Stewart and Sons,Ky421,"499 Kelly Shores Apt. 420 Gregoryton, NM 77541",335.693.9348x90434
BRN000199,Phillips-Martin,Iv908,"9395 Eric Green Suite 280 Lake Kirstenmouth, CO 78933",001-836-744-3543x77405
BRN000200,Fuentes LLC,lI755,"8088 Jose Village Maloneshire, GA 01310",555.621.9590x96196
BRN000201,"Richards, Schwartz and Thornton",wb240,"95878 Jill Motorway Port Jonathanmouth, OH 94701",382.805.3731
BRN000202,"Bowman, Castro and Cummings",gr736,"0195 Christy Terrace South Whitneychester, WI 88035",914-969-0943
BRN000203,Smith Group,zS598,"4802 Manning Unions Villaburgh, GA 44425",+1-855-588-3190x08760
BRN000204,Castillo LLC,KP833,"938 Brock Terrace Suite 745 West Meganfurt, PR 90543",9418592993
BRN000205,Armstrong-Salazar,gx398,"8060 Dixon Estates Apt. 358 Marshallborough, KY 00907",623-412-7606x67375
BRN000206,"Bernard, Johnson and Dixon",kG897,"29098 Terri River Suite 056 West Toddton, IL 90864",001-858-681-8051x152
BRN000207,Jackson PLC,xy148,"367 Thomas Causeway West Kendraberg, ND 02031",+1-568-874-4041x050
BRN000208,Villarreal Group,Oo381,"5182 Lee Island Suite 495 Kellychester, NV 68988",258.217.3735
BRN000209,"Rice, Navarro and Preston",GQ978,"0157 Stewart Avenue West Sarah, NM 27794",(310)618-1284
BRN000210,Francis-Henderson,yj463,"2276 Stephanie Mountain South Lauraberg, MO 76758",244.681.7605x75158
BRN000211,"Leon, Patterson and Jenkins",qc200,"4566 Waters Cove Apt. 577 Robertville, MH 46348",256.776.7044
BRN000212,Perez Group,ER474,"248 Cannon Mews Apt. 102 Rojasmouth, NJ 03003",8595121705
BRN000213,English and Sons,BA474,"10885 Washington Meadows West Michaelmouth, IA 59857",+1-923-331-2099x613
BRN000214,Montgomery-Tucker,fr627,"727 Rodriguez Rest Suite 705 Williamchester, NC 80464",001-801-611-9150x2974
BRN000215,Bray Inc,Yb912,"388 Cochran Summit Lake Dawn, NE 28857",727.233.2154
BRN000216,"Garrett, Jones and Randolph",Lv498,"3338 Mccormick River Suite 487 Davisview, NE 08028",001-876-825-1421x330
BRN000217,"Davis, Adams and Fuentes",sZ314,"6454 Ruiz Station East Briannatown, WA 46786",001-698-440-6439x39799
BRN000218,"Carter, Farmer and Hobbs",jA106,"71074 Brian Stream Brianburgh, MT 79689",2127074586
BRN000219,Nunez-Wall,Si835,"0613 Kyle Street Suite 768 Lake Larrytown, NE 32095",867-800-3681x6373
BRN000220,"Davis, Porter and Robinson",iY578,"279 Francisco Plains Port Catherine, AS 85367",686.365.5530x6888
BRN000221,"Edwards, Cain and Morse",Xx253,"3090 Peter Fork Apt. 681 Mercadoborough, ND 89755",596-763-1823
BRN000222,Bauer-Jimenez,Jw647,"06200 Victoria Trail Apt. 735 Wilkinsonland, DE 63722",(894)400-7871x49400
BRN000223,"Guzman, Kent and Cummings",tv384,USNV Henderson FPO AA 27887,596.649.8190x28387
BRN000224,White Ltd,pf730,"738 Brian Land Apt. 029 Lake Eugene, VI 36715",315.531.4523x99348
BRN000225,Mcmillan Group,zY379,"08458 Hensley Street West Ariana, VA 07919",+1-852-367-0651x735
BRN000226,"Harris, Stevens and Koch",ug003,"38986 Hughes Ranch Port Kristineburgh, DE 06331",580.717.4081
BRN000227,Ruiz Group,Fx334,"082 Williams Mills Johnsonmouth, MO 85710",+1-802-228-3431
BRN000228,Le-Moore,RM792,"3819 Brown Trail Apt. 793 Spencemouth, DE 17969",001-745-592-5039x12432
BRN000229,"Cole, Smith and Wilson",eM854,USNS Morgan FPO AE 97990,(625)587-3917
BRN000230,"Wright, Willis and Sanders",TA807,"4838 Alexis Underpass North Stephenside, OR 06073",719-863-1895
BRN000231,Foster-Pittman,OT865,"4520 Tina Junctions East Monica, TN 29452",+1-505-892-3530
BRN000232,Parker-Garcia,Ew483,"7950 Odom Shores East Richardburgh, MN 34466",(720)526-1367
BRN000233,Young-Bailey,jS825,"33494 Jessica Ville Lake Lesliechester, VA 09202",295-757-9100x0315
BRN000234,Cohen and Sons,Kr157,"8094 Sanders Islands Apt. 540 Hayneston, MI 48839",794.295.7494
BRN000235,Williams-Hawkins,xB032,"686 Kathryn Rue Pughtown, IL 45571",+1-996-683-0307x789
BRN000236,Mitchell-Holmes,XD559,"PSC 5668, Box 3238 APO AE 93668",448-826-4717x98892
BRN000237,"Allison, Richmond and Ibarra",CN570,"51431 Donald Summit Port Laura, AS 43306",+1-680-477-3520x983
BRN000238,"Davis, Lyons and Perez",Ym167,"6633 Veronica Curve Suite 145 Meaganport, PR 97277",001-894-826-4966
BRN000239,"Bowen, Williams and Callahan",CT558,"98069 Knight Crossing Apt. 642 Tylermouth, UT 28058",803.388.4095x153
BRN000240,Carter-Levy,Ug286,"5329 Smith Keys Suite 432 South Jenna, MN 32061",+1-985-370-2855
BRN000241,Baldwin Ltd,Ce142,USNS Hudson FPO AE 53810,373.850.1986x50029
BRN000242,Gutierrez LLC,cM853,Unit 0348 Box 2655 DPO AA 63865,(812)973-5918
BRN000243,"Miller, Davidson and Black",pn270,"3242 Larry Club Lake Sandra, TN 23680",001-284-290-6708x449
BRN000244,Johnson LLC,zS383,"763 Turner Way Alexaville, MP 04939",+1-947-447-2789x1512
BRN000245,Russell-Baker,oX173,"388 Smith Forest Tonyaview, GA 38500",(792)645-6314x9736
BRN000246,Bailey PLC,ns341,"22446 Joshua Rue Apt. 350 Wardland, WV 85096",507-440-0638
BRN000247,Robinson-Smith,Cd429,"4784 Debra Green North Marieton, NH 42330",(479)277-9044x3592
BRN000248,Stanton-Fitzgerald,LE929,"5992 Sean Crescent East Briannaville, NE 07768",001-569-286-7330x60526
BRN000249,"Mclaughlin, Harper and Lambert",hX815,"67625 Williams Points Suite 330 West Alexander, NC 64077",001-757-561-7317x9881
BRN000250,"Powers, Hurley and Pace",sY776,"PSC 9353, Box 8868 APO AP 78198",703.328.4189x060
BRN000251,Kim-Brewer,Dg696,"45816 Abigail Lights Robertsside, RI 78260",453.927.7754x0399
BRN000252,Wright Ltd,xf287,"658 Gregory View Lisastad, NE 95344",240.461.5389x005
BRN000253,Ford Group,se765,Unit 8888 Box 4239 DPO AA 05011,(882)537-6261x1891
BRN000254,"Boyer, Soto and Robinson",Vx591,"99853 Palmer Square Kennedybury, ME 75194",(271)845-3121
BRN000255,Reynolds-Ellison,rX576,USNV Weaver FPO AA 98327,001-319-548-0803
BRN000256,James Inc,sV539,"PSC 5904, Box 8486 APO AA 41021",(886)867-3735x970
BRN000257,"Sanchez, Smith and Williamson",ui835,"02773 Ian Walks Port Brandon, MS 55778",+1-480-265-5598x23044
BRN000258,Mendez LLC,Hx816,"98087 Sarah Island Francishaven, HI 88059",+1-296-279-0006x26939
BRN000259,Dean LLC,WL686,USCGC Castro FPO AE 38072,2308086444
BRN000260,Cooley Inc,fJ906,"8214 Eric Prairie Apt. 380 West Tammystad, VA 88128",722-747-9923x59749
BRN000261,Roberts and Sons,xp887,"551 Savannah Mountains Suite 529 Ryanborough, CT 65418",803.840.7469
BRN000262,"Hayes, Collins and Rogers",ae651,"7442 Perez Haven Joseshire, LA 89777",550.856.4830x70887
BRN000263,Fernandez-Weiss,AG925,"PSC 6884, Box 6072 APO AE 19601",(583)861-2093x025
BRN000264,"Chan, Jones and Hunter",QT199,"7708 Jason Haven Apt. 778 Wheelershire, WV 94620",321-407-5140x889
BRN000265,"Sutton, Moore and Nguyen",SG462,"PSC 4396, Box 1464 APO AE 39494",(544)445-4587x702
BRN000266,Love-Murray,nW642,"392 Michael Curve Suite 408 Darlenefort, TX 13878",001-979-664-6236
BRN000267,"Anderson, Schmidt and Rogers",Br982,"08202 Obrien Summit Suite 433 Michellestad, HI 37055",+1-982-546-3159x561
BRN000268,"Phillips, Bender and Hartman",oO358,"6796 Guerrero Square Port Ashley, PW 64024",(481)511-1218x44914
BRN000269,Lin-Carpenter,NA476,"75637 Gonzalez Square Apt. 610 South Matthew, RI 12071",568.547.8311x30789
BRN000270,"Mcbride, Jones and Martinez",vx129,"0567 Amber Avenue Lake Dominique, GA 88801",001-949-903-0640x193
BRN000271,"Watson, Doyle and Green",fC944,"2319 Simpson Manors Suite 589 Patrickport, RI 85237",(914)505-1781
BRN000272,"Bates, King and Atkinson",jl725,"382 Melinda View Rhondafurt, IN 13699",359.305.9708x877
BRN000273,Fischer-Ramirez,pY327,"00305 Vaughn Square Apt. 407 Port Roy, MD 78266",(355)345-5014x26666
BRN000274,Parks-Golden,RW146,"995 Michael Roads East Donald, NM 46872",+1-627-460-3017x568
BRN000275,Harris-Cruz,IS023,"23654 Cody Trace North Anthonyside, OK 39665",001-887-531-4493
BRN000276,Ford Inc,CP075,USCGC Lewis FPO AE 58642,+1-768-402-6587x709
BRN000277,Valdez-Hayes,tC352,"465 Wallace Wells Apt. 459 Lake Alexandriaport, IL 75540",001-625-936-6983
BRN000278,Anderson-Williams,wa093,"32883 Booth Orchard Port Denisehaven, IL 26857",544.211.8385x098
BRN000279,Baker Inc,gb126,"167 Nichols Port Apt. 746 Lake Bryan, PR 26661",(405)808-3239
BRN000280,Lara-Reed,iq549,"83007 Michael Hills Suite 828 Port Lorihaven, OK 19733",001-725-829-6629x26067
BRN000281,Cook-Miller,Go590,"875 Martin Mill South Joshuaview, AZ 50370",915-727-1592x145
BRN000282,Williamson-Johnson,dV843,"92485 Jamie Groves Suite 537 West Tracyhaven, WV 12321",781-777-9979
BRN000283,Scott Inc,bB325,"05950 Johnson Mission Apt. 646 East Jessicastad, MH 21713",448.864.7323
BRN000284,Fox LLC,hd555,"247 Rosales Flats Apt. 748 West Perry, WI 47879",001-355-788-6841x8072
BRN000285,Green-Anderson,Ze038,"3855 Thomas Centers Crosshaven, VA 48326",299-900-1113x24906
BRN000286,Barrett PLC,Qg260,"56805 Gary Points Apt. 864 Lake Denisehaven, NH 99669",688-863-7086x355
BRN000287,"Smith, Washington and White",aR808,"2950 Daniel Ferry Suite 716 Tonyside, NH 34488",930.854.6553
BRN000288,"Morrison, Esparza and Myers",kq642,Unit 9556 Box 0718 DPO AP 79808,001-897-901-0793
BRN000289,Scott LLC,Sk987,"85201 Michael Vista Lake Brittany, MD 83618",+1-626-345-6910x76444
BRN000290,"Kim, Ross and Woods",pC437,"28208 Lewis Plaza Apt. 781 New Brenda, AR 39531",(842)486-0697
BRN000291,"Reynolds, Ali and Hernandez",GP826,USNV Kelly FPO AP 51476,547.300.2156x22189
BRN000292,Hill-Russell,tq213,Unit 3083 Box 8301 DPO AE 51996,7133519996
BRN000293,Fowler-Bryant,fP663,Unit 3588 Box 6553 DPO AA 09869,001-634-646-0606x24788
BRN000294,White LLC,Co558,"82701 Thomas Motorway Suite 226 Gabrielton, GA 93471",+1-610-352-1733x821
BRN000295,Newman Ltd,VO505,"69117 Sara Park Suite 027 West Timothy, NJ 50126",(358)297-6001x537
BRN000296,Gibson and Sons,CH668,"6369 David Hills North Jessicaside, WY 25024",(685)288-6239
BRN000297,Moran Group,Fh452,"34945 Moore Port Lake Darren, RI 88260",001-679-720-9084x68213
BRN000298,"Flynn, Yates and Henry",MF066,"29277 Bell Junctions Suite 466 New Kelly, WA 52723",001-722-821-3260x1308
BRN000299,"Farrell, Russell and Cox",Ky767,"850 James Corner Jacobsshire, NM 66242",+1-855-211-1113x97984
BRN000300,Clark Inc,eb182,"934 Jensen Forest Suite 896 North Crystal, NH 43385",(859)469-3639x6099
BRN000301,Wood-Marshall,oR180,"909 Williams Curve Port Isabellabury, IN 48102",+1-439-831-4951x271
BRN000302,"Daniels, Gutierrez and Simpson",Wt871,"74751 Hernandez Track West Todd, AS 63072",(531)606-5160
BRN000303,"Reid, Santiago and Ray",ep716,"1845 Clark Bridge Suite 236 Port Matthew, MA 61481",(990)401-7190
BRN000304,Sharp-Acosta,sU528,"817 Michael Forks South Marie, GU 77296",435.700.0741x3484
BRN000305,Morales-Rodriguez,Oy932,"899 Barnett Ville New Sandra, IN 46655",001-722-388-5452x4669
BRN000306,"Hayes, Carter and Scott",oc378,Unit 3939 Box 0725 DPO AE 48366,(304)927-4117
BRN000307,Wyatt-Brown,Jd886,"231 Scott Ports Suite 490 Villegasbury, GA 88362",(323)593-5667x42955
BRN000308,"Browning, Rose and Gonzalez",dw228,"2267 Sandra Trail Kellymouth, ID 39385",316-284-5415
BRN000309,"Sullivan, Jackson and Arnold",kY766,"7385 Emily Unions Suite 106 North Drew, PR 32233",406-434-7977
BRN000310,Vargas Inc,ZX208,"192 Adam Ports Apt. 450 Oliverview, MD 41861",001-879-548-9206x09740
BRN000311,Mack Ltd,Vs150,Unit 0334 Box 9305 DPO AE 05186,552.770.7014x32874
BRN000312,Smith-Wright,BF358,"5156 Smith Orchard Hernandezstad, MI 93984",(755)532-8486x73344
BRN000313,Thomas PLC,ZO587,"87575 Edwin Ranch Kellyton, AK 56436",(623)529-8030x0746
BRN000314,"Peterson, Mahoney and Gay",wS478,"5831 Lawrence Crest Lake Rachel, OR 05715",001-585-200-9075x430
BRN000315,Richardson-Clark,bg492,"7286 Carlos Forges Lake Patrick, VT 03011",+1-911-332-7199x66069
BRN000316,Vaughn-Sanchez,fO584,"49638 Vargas Mill Griffinberg, TN 30591",+1-712-906-1302
BRN000317,Olson-Robinson,qG896,"77409 Christopher Meadows Lake Larrytown, OH 20205",(299)567-5992x9316
BRN000318,Perez and Sons,gy848,"4492 Ashley Isle Aguirreville, VI 12861",(793)271-1186
BRN000319,Green Inc,IS840,"84380 Smith Parkways North Christinaland, MO 10843",993.469.7069
BRN000320,Koch-Allen,dO170,"618 Dennis Unions East Coryhaven, CA 57609",920-532-9107x530
BRN000321,Steele-Hernandez,KD734,Unit 7521 Box 9396 DPO AA 03459,471-424-4523
BRN000322,"Brown, Jordan and Ryan",wf829,"115 Jeremy Track Doughertyville, LA 23569",678-556-3110x3611
BRN000323,"Reeves, Weaver and Colon",Ck017,"374 Taylor Road North Jennifer, MA 81322",+1-779-897-2955
BRN000324,"Jones, Olson and Perry",pb236,USS Warren FPO AE 26749,9349049778
BRN000325,Harrell-Beck,AV290,Unit 7663 Box 6527 DPO AE 41339,(475)488-7756x906
BRN000326,Bird PLC,fH503,"PSC 4620, Box 4536 APO AE 48320",(901)963-0505x211
BRN000327,Ferguson-Smith,Ky295,"518 Hopkins Burg Apt. 661 East Paul, MT 87602",+1-308-365-5052x1444
BRN000328,Collins Group,vY021,"790 Aaron Mission Suite 114 Littlefurt, GA 72695",001-967-630-6600x07351
BRN000329,Watkins LLC,qi029,"42303 Paul Dale Apt. 698 Lake John, MH 80078",001-558-853-8090x6299
BRN000330,Williams-Duncan,vy280,"9195 Richard Trafficway Apt. 310 South Charlesfort, SC 19891",+1-290-343-1015x470
BRN000331,Wallace-Oliver,WC578,"289 Ellison Corners Suite 454 Scottton, GU 59962",726-627-6741x4263
BRN000332,Mccoy-Carter,eg474,"366 Parker Cape Suite 768 New Lauren, HI 45963",359.593.1532x460
BRN000333,"Collins, Kim and Torres",uZ115,"27719 Williams Viaduct Sanchezchester, WA 94819",305.257.3409
BRN000334,Berger-Perry,mE553,"7877 Daniel Centers New Brenda, AR 86805",(350)583-3437x73287
BRN000335,"Payne, Howard and Martin",nq535,"9175 Kristine Road Apt. 195 Steinton, ND 68384",314.452.7908x12997
BRN000336,"Roach, Blake and Jenkins",Uw023,"0313 Mitchell Island Bellland, OR 74357",7828958923
BRN000337,"Skinner, Stephens and Meadows",fD491,"0993 Smith Burg Apt. 334 Jonesville, CA 86584",4078315363
BRN000338,Hansen-Thornton,cv502,"37039 Michelle Roads Port Spencer, KY 60091",742.561.0519x2459
BRN000339,Sparks PLC,FO824,"27993 Reynolds Mountains Youngshire, MA 30043",001-325-924-0137x131
BRN000340,Daniels-Barnes,IV769,"7938 John Centers Lisaport, VI 24775",943.685.9230x31345
BRN000341,"Yoder, Brown and Williams",LQ781,"9124 Amanda Harbors Suite 796 Suarezhaven, FL 25376",676-374-5520
BRN000342,Parker Group,bj229,"42191 Alex Haven Apt. 919 East Linda, DE 30594",621.650.1302x09786
BRN000343,"Sanchez, Romero and Love",OC903,"4777 Harvey Key Apt. 477 Toddchester, KS 78900",399.930.0734
BRN000344,Cox Group,Sr245,"63640 Weaver Street Suite 304 Alyssaton, PW 16501",609.915.9008
BRN000345,Young-Phillips,Hj629,USNV Cross FPO AA 75014,628-849-2735x8526
BRN000346,"Davis, Johnson and Horne",aT957,Unit 1288 Box 8638 DPO AP 50358,(209)703-4512x635
BRN000347,"Wright, Harrison and Lam",yT277,"9755 Williams Mission Apt. 159 Durhamside, FM 14451",584.706.2130x594
BRN000348,"Gonzalez, Simmons and Huffman",pz658,"114 James Fork Suite 497 East Michaelside, OH 43064",001-469-573-8227x4543
BRN000349,Castillo Inc,cN010,"89017 Johnson Wall South Robert, VI 70232",001-439-919-0418x4812
BRN000350,Hoover-Anderson,qf454,"021 Joel Creek Suite 891 Tiffanyfurt, DC 55899",(843)296-5128x37981
BRN000351,Nunez Ltd,Hv953,"278 Sean Fort Suite 204 Thomasstad, VT 67088",001-447-747-8884
BRN000352,Duncan-Rojas,qO877,"6489 Leonard Drives Suite 739 Kevinfurt, TX 95675",380-422-4662
BRN000353,"Bennett, Wilson and Moore",xO059,"449 Woods Bridge North Nicoleview, FM 71744",306-600-4552x3019
BRN000354,"Coleman, Watson and Jackson",zz516,"6904 Gabriella Parks Apt. 378 New Mary, NE 51942",(991)530-0073x98563
BRN000355,"Caldwell, Ramirez and Lee",VV948,"380 Mcdonald Underpass Manningchester, CO 54501",232.390.7574
BRN000356,Ross-Brown,ym044,USCGC Smith FPO AP 64765,720-470-4840x9336
BRN000357,"Shaw, Floyd and Clark",dy147,"6572 Natalie Crossroad Apt. 279 Lake Rebeccahaven, OH 18574",626.393.6111x621
BRN000358,"Gutierrez, Peterson and Mcdonald",Rf750,"36410 Keith Plains Christopherfort, CT 14786",(978)993-5980x474
BRN000359,"Rice, Barnett and Meyer",Yc197,"7075 Johnson Ports Apt. 312 Fernandezburgh, TN 49431",637-713-7882x5172
BRN000360,Williams-Russell,Cl130,"0023 Stephen Shoal Suite 732 Marystad, MT 45756",(302)650-0842x41102
BRN000361,Walker Ltd,WQ289,"8024 Hailey Estate Suite 322 Bryantview, WV 44073",4326128040
BRN000362,Drake-Tucker,hT561,"460 Cheryl Plains Apt. 905 Justinmouth, FM 51354",001-860-854-0858x61479
BRN000363,"Simmons, Thompson and Mills",Ix265,"5315 Jill Lane Suite 959 Justinfort, SC 97259",870.448.7898x9451
BRN000364,Olson-Grant,sA251,"6344 Butler Meadows Apt. 288 Austinville, VA 02725",(661)745-0288x41121
BRN000365,"Herring, Foster and Salas",AW651,"355 Thomas Lodge North Tinafort, HI 11484",277.656.0637x97985
BRN000366,Knight Group,az531,"PSC 1790, Box 3162 APO AP 69701",(443)489-9743
BRN000367,"Deleon, Wilkerson and Hernandez",JQ656,"PSC 0776, Box 5108 APO AA 24382",220-244-2494x566
BRN000368,Andrade LLC,Bp594,"5871 Michele Crescent Apt. 443 North Tiffanyton, OK 15209",+1-734-837-2903
BRN000369,Price Inc,bU293,"3128 Bryant Field Apt. 511 Bennettmouth, AR 06580",(444)867-6226
BRN000370,"Anderson, Garcia and Carlson",Rr900,"2498 Linda Drives Julieshire, AR 69614",659.761.6467
BRN000371,Miranda PLC,am413,"527 Smith Rapid North Kristenmouth, MD 73408",301.421.1431
BRN000372,"Porter, Glenn and Medina",Tq536,"16555 Bates Greens Suite 097 Sarahtown, LA 32902",+1-573-323-4273x0743
BRN000373,Gonzalez-Wallace,NG036,"106 Nicole Avenue New Laura, IA 97439",(616)529-8398x814
BRN000374,"Valentine, Pena and Woodward",fd141,"52468 Barbara Stream Suite 328 West Aaronbury, KS 49585",(531)854-5680x374
BRN000375,Valencia and Sons,sn816,"641 Hart Tunnel Port Jamesview, TN 72268",7776402241
BRN000376,Cardenas-Adams,aS829,"57738 Michael Trafficway Suite 430 New Brandon, PR 37094",(757)201-8982
BRN000377,Cruz-Mcneil,UT092,"06720 Jill Knolls South Tracy, KY 72204",001-910-334-2241x939
BRN000378,Baker-Clark,dD634,"941 Colon River Apt. 033 Grosshaven, GU 42956",+1-733-542-5371x82493
BRN000379,Snyder LLC,UP076,"475 Karen Isle Suite 894 East Danielhaven, MH 30058",+1-685-714-4830x193
BRN000380,"Williams, Lee and Singh",Kg611,"329 Vasquez Turnpike South Mary, KY 82413",3677194140
BRN000381,Salas-Mcdaniel,bV764,"2037 Stevenson Wells East Jenniferview, WV 68802",001-694-997-5021
BRN000382,Oliver-Williams,gr072,"434 Hayes Orchard Davidberg, OR 83197",(531)824-0711
BRN000383,Peters and Sons,Ma271,"800 Duncan Ports Suite 626 Smithfurt, TN 78220",001-997-208-9905x5321
BRN000384,"Arias, Moon and Young",Ro010,"347 Nichole Stream Nelsonstad, VI 73528",359.282.3011
BRN000385,Hopkins-Peters,ai979,"2408 Timothy Via Apt. 339 North Jason, KY 81252",001-644-572-3224
BRN000386,Arnold-Jackson,zY017,"3886 Johnson Rest Suite 206 Kimberlymouth, NJ 35247",4275846911
BRN000387,Wilson-Olson,cB654,"47991 Bush Drives Apt. 875 Silvaville, PW 14218",001-920-906-0400x565
BRN000388,"Evans, Martin and Wright",GC177,"70482 Nicole Groves Apt. 236 East Ashley, NC 47844",(648)600-0881x363
BRN000389,Bauer-Shaffer,ca300,"92160 Casey Drives Scottview, MT 63388",001-244-221-0256x4850
BRN000390,"Cohen, Vazquez and Leblanc",VN350,"802 Perkins Highway Josephport, RI 28959",275.507.7237
BRN000391,"Bridges, Douglas and Rodriguez",oo885,"83344 Baker Avenue Suite 770 Port Evanmouth, IL 78056",747-708-9585x954
BRN000392,Lowery PLC,by191,"74733 Melinda Plaza West Brucefurt, MO 43084",595.756.9864x48850
BRN000393,"Johnson, Orozco and Moore",aQ731,"11313 Humphrey Expressway Port Darrenfort, CA 24637",256.313.4757
BRN000394,Brown-Gray,ec377,"8856 Alicia Wall Suite 716 South James, VI 34422",335-862-2037
BRN000395,Yates Inc,Oe430,"1054 Bond Springs Lake Christinaside, MN 52500",(293)711-1224
BRN000396,"Robinson, Rodriguez and Warren",Mq585,"113 Mitchell Walks New Laceymouth, MD 24104",(696)748-4822x2796
BRN000397,Cortez-Walker,ub146,"6437 Jerry Plaza North Jonathanhaven, WY 88444",+1-254-858-6797x436
BRN000398,"Navarro, King and Williams",Lb027,"60483 Walsh Avenue Apt. 695 Nicholaschester, LA 97211",538.641.6344
BRN000399,"Taylor, Chavez and Chaney",Cm851,"PSC 4215, Box 2747 APO AA 81099",797.506.4189
BRN000400,"Young, Bryant and Williams",yE446,"7617 Collins Oval Apt. 872 Jaredberg, VA 42078",(632)614-2275x833
BRN000401,Hamilton PLC,rC695,"71779 James Ferry Suite 568 Lake Lawrenceville, WY 95426",251-550-8188
BRN000402,Walker PLC,rG182,Unit 5810 Box 5224 DPO AA 95941,4979844786
BRN000403,"Howell, Tucker and Sherman",sX123,"05456 David Forge East Lauren, AL 55570",+1-825-227-2575x0478
BRN000404,"Decker, Gilmore and Tucker",FF009,"7461 Jorge Crossroad Apt. 902 New Johnnyport, OK 40944",841-415-5915x4468
BRN000405,Barron and Sons,pj336,"82951 Harrison Lane Apt. 029 Lake Davidbury, CT 48777",6473607592
BRN000406,Johnson and Sons,yu266,"9350 Ruth Square Suite 782 South Jasonberg, KS 16718",674-430-5871
BRN000407,"Erickson, Combs and Gonzalez",ia057,"161 Michael Corner Port Kylemouth, GU 12110",777-457-3446
BRN000408,"Ferguson, Mullins and Douglas",FQ283,"96174 Davis Track Suite 664 Jasonmouth, NC 15072",884-805-5358
BRN000409,Stewart PLC,Nq231,"489 Tyler Brooks Apt. 774 New Sarahland, AZ 73338",(878)543-9149
BRN000410,Thompson-Horton,ac426,"82919 David Spurs Apt. 255 Justinport, OK 34469",261.349.0735x208
BRN000411,Brown-Smith,NZ999,"459 Robinson Inlet Brianview, KY 53525",(367)510-1408
BRN000412,Blackburn Group,PI067,"7572 Ryan Avenue Apt. 425 Port Laura, OR 44127",650-202-7804
BRN000413,Burke PLC,NT736,"473 Johnson Hill Kaitlynburgh, HI 54526",+1-357-204-4868x209
BRN000414,Perez-Dominguez,oB181,"PSC 9485, Box 8289 APO AA 57781",724.874.9215
BRN000415,"Barnes, Larson and Mitchell",SH263,"76499 William Highway Apt. 004 Savannahhaven, RI 69126",757-870-4904
BRN000416,Smith Inc,PO667,Unit 3468 Box 5460 DPO AE 94731,332-306-3431x566
BRN000417,Cardenas Inc,ZM141,"025 Deanna Shoal Martinbury, SC 80850",542.976.2621
BRN000418,"Villa, Faulkner and Alvarez",TO088,"3442 Snyder Pass Apt. 527 Whiteville, SC 39837",979.275.7627x81035
BRN000419,Andrews Inc,Jw066,"31620 Guzman Mountain South Dillonstad, AR 03684",(899)523-8562x262
BRN000420,Hernandez Group,oN133,"20594 Calhoun Glens Suite 007 Hannahchester, NC 61400",3102319182
BRN000421,Wallace PLC,Kj137,"853 Martinez Center Apt. 835 Aliciaberg, FL 64238",(267)866-1221x00152
BRN000422,"Spencer, Ramirez and Fisher",FV728,"84548 Lopez Well Staceyville, ND 53585",(798)209-4205
BRN000423,Cameron LLC,pd977,"62574 John Freeway Apt. 542 Ginamouth, IA 73125",997.665.1607x68790
BRN000424,"Salazar, Hatfield and Schmidt",pm216,"87798 Heather Ranch Apt. 198 Christopherville, VT 18424",+1-699-478-6022x8987
BRN000425,"Guerrero, Burns and Taylor",Mn693,"8822 Jennifer Park Port Catherinechester, PR 41614",808.625.7562x3883
BRN000426,Walker-Mcmillan,Du375,"31358 Dana Light Apt. 805 Cindyfort, NM 48992",586-913-4056
BRN000427,"Barber, Reese and Campos",tP966,"51287 Maureen Key Apt. 908 Stephanieborough, KY 41754",645.761.0440x70453
BRN000428,Washington PLC,Fn678,"24209 Ryan Landing Apt. 547 New Sharon, VI 36591",(570)502-2127
BRN000429,Daniel Ltd,Kw983,"9794 Alyssa Ford Suite 553 Ronaldton, OK 61876",606-858-7067
BRN000430,Richards Ltd,xK816,"0162 Brandon Key Alyssaberg, MT 65698",(210)393-0227x76367
BRN000431,Brown PLC,vP126,"58658 Teresa Lodge Tateside, NH 95063",(243)528-5402
BRN000432,"Gonzalez, Shelton and Warren",Nj373,"694 Erica Island South Georgehaven, MA 48951",001-350-601-1702x2009
BRN000433,"Davis, Macias and Deleon",Ta228,"616 Richardson Drive Suite 715 Gregoryland, AK 74296",469.453.5306x9491
BRN000434,Kim-Hughes,vW407,"478 Duran Park Suite 295 Meyerborough, LA 51273",(877)480-6425
BRN000435,"Martinez, Flores and Thompson",CW915,"PSC 8306, Box 6111 APO AE 13863",550-572-3700
BRN000436,Davies Ltd,UF620,"433 Clark Bridge Port Douglas, OH 82833",001-890-652-9169
BRN000437,Parker-Lee,qU891,"43576 Holt Trace Apt. 650 North Jamesberg, ID 33443",+1-695-831-9701
BRN000438,Parker Ltd,VP677,"137 Cochran Union Apt. 962 North Kristashire, AS 71444",+1-488-739-4539x61124
BRN000439,Martinez-Jensen,vk819,"90121 Adam Estate Brendaburgh, CT 41915",851-535-0174x56655
BRN000440,Ballard-Mejia,uz534,"1727 Blevins Island East Daniel, MT 88703",001-530-285-3464
BRN000441,Nguyen Group,TM630,"3240 Ramirez Parks South Elizabeth, AS 68879",(620)363-7540
BRN000442,"Carr, White and Gonzalez",tM139,"3681 Walter Brook Lake Andreafort, KY 70209",376-846-8182x10687
BRN000443,Bullock PLC,aP068,"75266 Copeland Point Port Mark, MI 65541",001-837-549-8045
BRN000444,"Miles, Ramsey and Bishop",Ar584,Unit 8249 Box 2574 DPO AE 11554,+1-722-818-5520x496
BRN000445,Bailey Inc,Io963,"4336 Rachel Centers Suite 140 Anthonyburgh, DC 88310",001-718-392-2153
BRN000446,"Cortez, Long and Johnson",yu363,"8412 Alvarado Loop Suite 435 Palmerton, GA 47591",482.643.6643
BRN000447,Powell PLC,Aa556,"7061 Thomas Square Port Patriciaville, NY 85248",(769)673-3140
BRN000448,Ford Group,js195,"525 Mckee Alley Vasquezmouth, IL 35829",6175738260
BRN000449,Becker-Vasquez,uk600,"2517 Gary Roads Justinport, AR 83508",9535355447
BRN000450,Davis-Wood,Wt870,"PSC 0122, Box 2834 APO AP 16119",572.283.8031x412
BRN000451,"Smith, Richards and Garcia",iD332,Unit 1837 Box 6587 DPO AP 96319,(239)805-3087
BRN000452,Anderson and Sons,QP137,"46393 Hanna Light West Lindsay, OK 77746",511.990.9808
BRN000453,"Atkins, Jensen and Jackson",QP257,"321 Kimberly Station Suite 128 Jenniferfort, NE 91588",(527)378-7402x04784
BRN000454,"Arnold, Cook and Foley",gY824,"1712 Kyle Mountains Apt. 632 Vernonview, WY 34877",001-631-584-3766
BRN000455,Hart-Gomez,ry449,"275 Lisa Hollow East Monica, CO 42314",336.248.4644
BRN000456,Marsh-Tran,Wr739,"53724 Jones Land Apt. 908 West Janeton, VI 87491",+1-293-549-5316x0009
BRN000457,Calhoun and Sons,aj534,"PSC 0531, Box 6062 APO AA 73818",+1-835-842-2765
BRN000458,Suarez Group,SA862,"7080 Deborah Stream New Nicholasside, TN 54649",001-317-783-2568x1805
BRN000459,"Brooks, Carter and Lewis",cC639,"23291 Tina Inlet Port Amber, ME 00907",306-337-8872x93618
BRN000460,Wallace-Peterson,jL549,Unit 4696 Box 8787 DPO AE 53063,202.219.9842
BRN000461,Strickland Group,qE518,"314 Antonio Mountains Apt. 918 Villaborough, PA 47776",001-793-725-6783
BRN000462,Williams-Chavez,rb372,"156 Edwards Parkway Suite 791 Petersenfurt, TX 87181",(437)783-8223x6135
BRN000463,Jones-Roberson,ol968,"297 Reynolds Bridge Apt. 807 Rebeccaport, AS 74481",697-525-7686x642
BRN000464,Nolan-Wilson,QD927,"608 Robert Bridge Suite 520 South Alejandroton, RI 39260",259.739.2796
BRN000465,Bailey-Jackson,Lx301,"922 Jane Corners Suite 228 Villegasshire, VA 80307",(970)777-0948x7052
BRN000466,Franklin and Sons,qE314,"9758 Schneider Via Roberttown, WV 82778",585-563-1611x9264
BRN000467,"Salas, Johnson and Barr",fq973,"76839 Marco Plain Apt. 732 Port Angela, TX 67790",(966)621-6505x545
BRN000468,"Mack, Ward and Brown",Wz004,"4236 Brian Pike Johnsonville, MS 92075",(492)414-0095x99030
BRN000469,"Rivas, Miranda and Leon",fe837,"92168 Deleon Estate Richardchester, UT 16757",001-391-831-6418x3774
BRN000470,Juarez-Oconnor,xi889,"09542 Jesse Rapids East Michelleside, CO 60396",845-853-2556x774
BRN000471,Hunt Inc,rm039,"271 Myers Rue Suite 261 Robersonstad, KY 00850",(510)783-8558x577
BRN000472,"Underwood, Anderson and Green",KW943,"592 Dixon Fort Apt. 898 Lake Deborahchester, NV 26963",+1-951-660-3818x4179
BRN000473,Bell Group,xS633,"276 Gray Mills Port Robert, VA 03929",254.513.9921
BRN000474,Byrd-Williams,bw458,"1758 Donna Orchard Apt. 262 Joseburgh, NJ 16021",5083803054
BRN000475,"Williams, Strickland and Turner",MW703,"00083 Harris Crest Suite 908 West Trevormouth, AL 36755",001-302-209-0325
BRN000476,Miller Group,AU693,"8233 Wise Gateway Suite 371 Brockport, NV 99133",+1-815-581-6149
BRN000477,"Miller, Rivera and Barnett",bF608,"05855 Mcfarland Stravenue Joelstad, PA 02467",+1-983-675-3010x1923
BRN000478,"Flowers, Cole and Ponce",LP047,"54977 Timothy Highway Stewartville, MD 30207",827.565.4954
BRN000479,"Potts, Parsons and Martin",bt561,"5977 Morris Parkway Suite 433 Stephensburgh, MA 16155",(637)221-8813x525
BRN000480,Barrera PLC,AX795,Unit 0337 Box 4084 DPO AA 74415,781.938.8227
BRN000481,"Ashley, Hernandez and Pittman",la166,"37728 Michael Knoll Suite 711 Lake Marilyn, PR 55665",+1-874-995-6907x1962
BRN000482,Wilson-Turner,mv981,"2511 Larson Knoll Apt. 190 Jenningshaven, NJ 12245",001-543-554-1927x3094
BRN000483,Rodriguez-Lewis,As731,"367 Pope Rue Suite 588 Port Angelaton, NH 37460",929-776-9414x790
BRN000484,Murray-Welch,bz776,"442 Johnson Divide Apt. 965 Johnsonchester, GU 29039",+1-356-387-6904x570
BRN000485,"Castillo, Chase and Becker",Cb196,"915 Nicholas Vista New Hannah, MS 11502",(765)453-1711x89032
BRN000486,Lynch LLC,Ia040,"221 Veronica Fields Apt. 946 East Robertfort, FL 83336",001-867-573-6537x104
BRN000487,Lee-Hill,lB530,"9870 Gonzales Path Suite 916 Marychester, NC 47641",(739)216-3895
BRN000488,"Davies, Swanson and Brown",aF825,"686 Moore Branch Suite 813 West Brooke, RI 72641",709-512-6016
BRN000489,Hebert Inc,oz710,"7225 Johnston Knolls Suite 659 Port Daniellefurt, MH 84115",(472)866-7558
BRN000490,Gay Inc,Qf583,USCGC Hernandez FPO AA 84287,001-641-962-2683
BRN000491,Moses and Sons,ff742,"36051 Crystal Radial Lake Deanna, WY 86978",2028309661
BRN000492,Stewart-Vargas,rU353,"0067 John Plaza Apt. 855 Rodriguezchester, NJ 01664",749.305.6381x4088
BRN000493,"Robbins, Glass and Mcknight",cm334,"0520 Haynes Lights Scottport, MD 33633",(757)270-5695x99743
BRN000494,Reyes-Mayo,aT665,"2131 Jonathan Route Pamelafort, MT 61279",(920)672-9990x3912
BRN000495,Forbes and Sons,Mm056,"277 Sergio Walk Robertston, ND 13477",001-570-773-0322x28022
BRN000496,"Craig, Neal and Ramirez",xL560,"98682 Jonathan Station Suite 836 South Andrea, DE 90584",5525123225
BRN000497,Fleming-Horn,VN747,"777 John Spring Lisaville, OK 53317",946.274.4185
BRN000498,Smith-Bennett,IG886,"5011 Nunez Track Suite 576 Sanchezshire, NY 43316",(419)592-7740x6715
BRN000499,Bowman LLC,vm958,"088 Lopez Creek Alexanderport, GU 52188",743.761.9253
BRN000500,King-Lopez,Kf944,"8968 Mckinney Shoals Suite 283 Port Michael, UT 93598",6895483788
BRN000501,Olsen-Dodson,xg098,"6671 Taylor Summit New Jerrymouth, PW 97295",(882)747-1173x4086
BRN000502,"Torres, Gutierrez and Berger",sT398,"4482 Susan Inlet Suite 302 Piercemouth, SC 99473",(263)396-0370x2872
BRN000503,Phillips-Jones,lU087,"25397 Theresa Glens Howellfort, ID 01230",247-796-7867x182
BRN000504,Burns Ltd,xh159,"01074 Sean Meadows North Kimberly, IN 43329",535.373.5766x013
BRN000505,"Anderson, Moore and Pennington",uR972,"880 Jenkins Greens Troyton, VT 16010",(722)656-5186
BRN000506,Lozano-Johnson,Pw059,"599 Moore Hills Suite 352 North Chelseabury, PW 68946",9297352403
BRN000507,"Beard, Lee and Pugh",XL533,"5710 Schmitt Junctions Apt. 635 Matthewchester, IN 65965",001-382-282-2208
BRN000508,Baker LLC,mW925,"01878 Raymond Brooks Apt. 225 Mackland, AR 65829",(858)778-2109x48452
BRN000509,Conley and Sons,UA295,Unit 2284 Box 2404 DPO AE 58266,+1-214-446-3937
BRN000510,Ray LLC,nA211,"8483 Michael Forest West Kyle, PR 78605",823-272-6707
BRN000511,Daniel and Sons,XU242,Unit 8701 Box 3885 DPO AE 52566,001-864-519-4924x424
BRN000512,"Montoya, Carpenter and Fletcher",rJ964,"6030 Shaffer Square North Alfredfort, MO 20273",(783)690-1823x12825
BRN000513,Davis PLC,or299,"647 Bryan Key Suite 496 New John, SC 80676",6213789000
BRN000514,"Rich, Young and Hoffman",dc730,"122 Veronica Extensions Jasonport, ID 68873",+1-976-262-8902x89154
BRN000515,Johnson-Tyler,nE638,"8030 Reed Drive Lake Jared, CO 21930",+1-865-706-3207x544
BRN000516,Rosales-Fernandez,zK174,"80905 Laura Villages Suite 221 New Rickyview, VA 80650",+1-336-573-8842x505
BRN000517,Stephens-Davis,OS323,"97072 Bishop Mills South Nicoleberg, MH 64938",001-208-463-5468
BRN000518,"Taylor, Huynh and Spencer",vH882,"231 Maurice Valleys Apt. 204 New Brent, MD 92646",+1-898-276-0333
BRN000519,Mckinney-Jackson,hk216,Unit 5294 Box 4396 DPO AP 45664,918-953-1101
BRN000520,Hampton-Arnold,bK801,"45746 Moss Passage Calhounland, SD 86018",5442434774
BRN000521,"Boone, Neal and Harvey",At515,USS Barnes FPO AP 08056,498.429.0358x92548
BRN000522,"Payne, Butler and Turner",Uo139,"99890 Brooke Street Davidhaven, DC 35807",467-868-6437
BRN000523,"Sanchez, Garcia and Brown",sM678,"92755 Zachary Harbors Apt. 829 New Monica, WY 82362",793-895-4069x10788
BRN000524,Hansen LLC,Jj295,"3037 Patrick Bypass Browninghaven, PW 70305",5506524053
BRN000525,Aguilar-Buchanan,Ak223,"74261 Miller Inlet Apt. 900 Byrdhaven, AS 72040",943-834-7686x49477
BRN000526,Haas PLC,iu952,"37319 Olson Branch West Julieport, IN 91939",9318268313
BRN000527,"Medina, Cantu and Fowler",wM256,"475 Robert Locks New Kimberly, NE 29568",+1-453-262-1468
BRN000528,Parsons Ltd,Hv683,"6960 Williams Park Suite 111 Port Paula, VT 25725",263.359.9092x32615
BRN000529,Freeman and Sons,mt053,"55882 Hensley Fords Suite 624 East Scott, MO 42119",001-715-423-5643x6214
BRN000530,"Ford, Williams and Little",iI507,"81862 Jackson Way West Dakota, WY 99736",487.376.2389
BRN000531,Robinson Inc,do450,"5710 Michael Pike Apt. 762 East Amy, WI 89418",001-842-763-8886x4180
BRN000532,Berg and Sons,fl979,"7251 Becky Mountain New Gail, MA 37937",+1-722-212-6358x195
BRN000533,Gonzales Inc,Tm410,"56542 Weaver Crossroad Apt. 215 Sparksberg, MS 73041",303-213-2535x851
BRN000534,Dean Ltd,cr852,"588 Evans Ways New Sarah, ND 77479",001-444-827-5057x390
BRN000535,"Anderson, Dennis and Davis",Ao147,"4162 Felicia View Katrinaborough, WY 03441",432.381.0816
BRN000536,Barron PLC,ew619,"2116 Davis Highway Powellhaven, WI 20169",+1-429-556-9004x9833
BRN000537,Jones Group,mR718,"716 David Field Apt. 630 Wendystad, NC 10340",446.237.0330
BRN000538,Freeman Inc,nq184,"514 Diaz Road Johnnyberg, FM 99551",5243528486
BRN000539,Oliver Ltd,Gs600,"91217 Chandler Fort Apt. 849 South Angelaport, LA 92237",249-486-3312
BRN000540,Dominguez Group,xa818,"291 Jones Land Suite 534 Leside, VA 07368",470-346-2407x593
BRN000541,"Dominguez, Bowen and Craig",kn489,"819 Stacey Gateway Apt. 841 North Brenda, TX 79271",(710)379-3835
BRN000542,"Brown, Nelson and Fisher",Mb855,"180 Zamora Haven South George, FM 13681",252.595.2981x44304
BRN000543,"Baker, Foster and Rocha",he571,"21857 Clements Harbors South Heather, AS 90516",001-276-384-8334
BRN000544,Price-Anderson,bI450,"4416 Suzanne Islands Suite 320 Nicholasport, TX 01176",273.536.0507x4201
BRN000545,Wagner LLC,dw712,"52114 Dalton Highway Apt. 909 Jacksontown, NE 74989",627-889-0275
BRN000546,Sandoval PLC,jv716,"761 Nancy Walk Apt. 510 Grayborough, CO 98936",659-479-7422x7920
BRN000547,Cook Ltd,Zw009,"368 Shannon Circle Apt. 787 Patrickstad, VA 34187",3217097822
BRN000548,Bennett Ltd,ur139,"1108 Downs Village Suite 135 North Rebeccahaven, OR 59202",7602664732
BRN000549,Kramer-Torres,RR953,"12619 Samuel Key Lake Kristen, SD 39101",726.513.8632x38495
BRN000550,"Johnson, Jensen and Ramsey",QH513,"881 Jasmine Mills Apt. 641 East Natasha, GU 81723",(821)477-4219x428
BRN000551,"Vang, Miller and Olson",hu831,"592 Robin View Brandontown, NJ 57142",2015606304
BRN000552,Smith Group,zL726,"8173 Michael Mills Rebeccaburgh, CT 51467",403-323-9469x0219
BRN000553,Wells-Mills,tB296,"8023 Kelly Rue Reyestown, AK 19529",(415)881-6462
BRN000554,Keller-Stewart,UI231,"594 Ward Road Lake Annaberg, IL 66446",001-920-847-7860x8369
BRN000555,Joyce-Thomas,Sq996,"40389 Anderson Valleys Apt. 950 Mendezfort, FL 69484",001-607-878-0280x79249
BRN000556,"Stevens, Jacobs and Gray",PU083,"021 Andrea Pine Suite 773 Fernandezchester, NC 02455",653-992-6217x477
BRN000557,Estes-Ponce,JC180,"65953 John Courts Apt. 684 Richardchester, MN 40846",288-649-6367
BRN000558,Irwin LLC,YL561,"969 Sanchez Branch Suite 752 East Henryhaven, NY 85641",(626)887-5964x384
BRN000559,Lee LLC,Sz745,Unit 3012 Box 1166 DPO AA 82715,209-989-3927x35548
BRN000560,"Cooke, Malone and Mendez",Td873,"5509 Sparks Center Apt. 514 New Christyland, WA 29303",+1-741-508-2752x8710
BRN000561,Campbell Group,rn526,"79165 Malone Court Osbornshire, KY 44679",895.349.6122x693
BRN000562,Grant-Stout,Fg167,Unit 2717 Box 0525 DPO AA 18998,747-935-2053
BRN000563,Ray-Martinez,xf618,"0032 Amy Club Suite 165 New Levibury, MD 14582",786-484-2458x2688
BRN000564,Rivera and Sons,RN872,"99817 Michelle Run West Patrick, TN 42551",457-905-2089x9658
BRN000565,Moody PLC,jC913,USNV Scott FPO AA 29585,001-637-784-3886x87760
BRN000566,Jones-Ochoa,bF734,"107 Wilson Crest Suite 771 Josemouth, NV 43384",001-625-897-6911
BRN000567,Sanders-Harris,Sb543,Unit 5103 Box 5073 DPO AP 94047,(993)508-2865x320
BRN000568,"Brennan, Velazquez and Conrad",mr698,"087 West Plains Villanuevaburgh, ND 36574",658-669-9985
BRN000569,Hutchinson LLC,wE089,"04416 Miller Isle Shannonfurt, DC 56876",2647416168
BRN000570,"Crawford, Delacruz and Parker",TD402,"404 Williams Plain West Amanda, FL 93259",(441)442-7961x94746
BRN000571,Macias and Sons,Ed878,Unit 3414 Box 0441 DPO AA 14005,6562768935
BRN000572,"Murray, Dickson and Wolfe",TD622,"8473 Roberson Roads Suite 530 South Stevenhaven, OH 74014",(320)746-9772x7057
BRN000573,Gutierrez PLC,gC670,"40662 Hannah Estates South Deniseland, TN 22874",889-820-6644x8302
BRN000574,"Franco, Blackwell and Smith",Fi003,"36695 Brandon Crossing Suite 523 Lake Jenniferland, IA 41830",(974)441-5464
BRN000575,"Bird, Smith and Miller",Ss857,"461 John Views Apt. 421 Nicholsshire, NY 66665",(400)362-7800
BRN000576,Becker-Stafford,rc087,"07380 Kevin Rest Apt. 780 Wellsmouth, WI 77941",237-664-7837x54563
BRN000577,Ramos Group,Sb664,USNV Blanchard FPO AA 37734,001-795-619-7388x895
BRN000578,"Moses, Diaz and Coleman",Qr395,"70663 Pena Port Apt. 319 Cookview, AZ 54790",001-682-946-4051
BRN000579,Wilson-Marquez,Wh245,"74527 Larry Vista South Jon, WV 57944",757-920-1948x040
BRN000580,"Davis, Brooks and Burgess",cT354,"155 Mccarthy Common Apt. 878 North Michael, RI 22027",(854)421-7350
BRN000581,Shelton Ltd,GP479,"10264 Olson Common Apt. 924 North Joshuaborough, KY 93850",580.540.4052
BRN000582,Nguyen LLC,AS117,Unit 8123 Box 9924 DPO AP 55113,+1-732-402-7101x4115
BRN000583,Rose-Miles,Gs305,"399 Jenna Center Lake Brittanyland, VI 50071",531.280.0644x71989
BRN000584,Smith-Brown,Dp228,"51153 Monroe Landing Suite 944 Hillmouth, MP 03781",(893)875-8145
BRN000585,Fisher Group,MC630,"7859 Singh Ville Apt. 113 Smithmouth, NH 90896",+1-597-851-0975
BRN000586,Fernandez Inc,uk340,"3644 Brown Hollow West Williamstad, NJ 53854",2987182190
BRN000587,"Mason, Barton and Patterson",dI552,"194 David Trail Scottport, ID 70127",870.637.4035x7024
BRN000588,Kelly Group,TC572,"6646 Amanda Summit South Sarah, DC 85237",686-243-8154
BRN000589,Stevenson-Williams,ME076,"3333 Alvarez Way Suite 240 East John, HI 99470",+1-766-954-8534x8696
BRN000590,Paul-Buchanan,cv821,"288 Ronnie Street Grantville, NM 13598",001-786-210-3028x679
BRN000591,Lewis-Banks,IQ404,"12222 Clark Heights Port Patricia, WV 38428",(402)547-2768
BRN000592,Sanders Inc,SN692,"35486 Joshua Gardens Amyfort, LA 28136",978.995.6917
BRN000593,"Barnes, Rodriguez and Wilkerson",Mh119,"3478 Price Shoal Suite 180 Lake James, MA 79831",8202302071
BRN000594,Porter-Thompson,HQ109,"74095 Gabrielle Ridge North Stephanie, OR 67910",001-709-313-1161x27336
BRN000595,"Howell, Williamson and Dunn",eo026,"947 Jason Underpass Apt. 301 Lake Nicole, SD 54875",584-630-8781x6796
BRN000596,Russell LLC,Sh902,Unit 7458 Box 6126 DPO AA 04636,3384105576
BRN000597,Flowers and Sons,td510,USNV Mann FPO AE 43652,(432)993-8770
BRN000598,Booth and Sons,rw304,"6994 Lisa Island Apt. 586 North Angelica, ND 39300",001-205-727-3308x007
BRN000599,Johnson-Allen,gs394,"9227 Michael Cliff Port Carrie, VT 44141",(333)216-6250x842
BRN000600,Gonzalez Inc,OL356,"7146 Baker Track Apt. 792 Stacybury, VA 35601",765.638.8239x048
BRN000601,"Jennings, Yu and Morse",BP550,"3068 Solis Trace Apt. 999 New Christine, IA 89854",+1-309-787-5653x22005
BRN000602,Bautista LLC,GM743,"7745 Robert Track Suite 143 Tylerbury, WI 81367",+1-443-857-1726
BRN000603,"White, Burns and Richardson",eP683,"6426 Frost Ford Hughesport, IA 99685",001-710-621-0167x296
BRN000604,Mendez-Fritz,aG422,"23078 Phillip Ranch Matthewfort, LA 38862",4165643322
BRN000605,Taylor Group,hS617,"847 Villarreal Fork Peterburgh, NH 22110",6114213588
BRN000606,Shelton-Blevins,wV358,"264 Brown Dale Apt. 140 Port Jennifer, KS 68557",001-972-425-5923x80475
BRN000607,Miranda-Ramos,QK078,"767 Miller Well Suite 480 East Heatherfort, IL 42480",(202)982-4928
BRN000608,Fields-Schneider,az947,"705 Michael Fork Apt. 548 West Charles, WI 69486",321-616-6361
BRN000609,Thomas LLC,ck960,"53696 Curtis Point Apt. 969 Chadburgh, KY 73056",(925)952-5235x609
BRN000610,Williams and Sons,Lc803,"PSC 7360, Box 8998 APO AE 30292",+1-627-664-0629x4288
BRN000611,Cohen-Patel,SI210,"295 Morris Mews Port Amberburgh, WI 26755",593-239-6243x818
BRN000612,"Carlson, Ray and Davila",tJ341,"587 Nunez Rapids Suite 922 Judithchester, AL 51378",+1-273-336-3469x4561
BRN000613,Mahoney-Cherry,NQ811,USNS Mendez FPO AE 54333,+1-504-532-8956x460
BRN000614,"Evans, Schmidt and Greene",Xt696,"6572 Kim Ways Suite 783 East Robertland, AR 02696",001-621-847-8753
BRN000615,"Liu, Thompson and Carter",RG494,"6388 Payne Points Apt. 964 Garciaborough, VT 14120",+1-336-937-6553x4400
BRN000616,Mcgee-White,do531,USCGC Byrd FPO AP 74521,506-350-8233
BRN000617,Johnson LLC,aV743,"PSC 7072, Box 3549 APO AP 00964",6799978783
BRN000618,Miller-White,kt413,"24421 Chelsea Rest Apt. 367 West Kathleenmouth, MI 60211",701-266-4013x5160
BRN000619,Salazar Group,Iv304,"6696 Christy Walks Desireehaven, MA 28045",257.541.4541x40259
BRN000620,"Olson, Willis and Rhodes",lC537,"4784 Adams Fords Apt. 271 North Christopher, GA 50394",831-578-4108x83416
BRN000621,"Foster, Moran and Mathis",Cd395,Unit 9919 Box 1057 DPO AE 89604,228-587-7595x555
BRN000622,Mendez-Harrison,FI586,"6105 Jon Islands Apt. 087 Jamesland, GU 01885",001-261-914-9012x1072
BRN000623,Martinez Inc,NW959,Unit 2955 Box 3637 DPO AA 06258,+1-236-870-3405x8263
BRN000624,"Mccann, Jackson and Ross",iu632,USS Thompson FPO AE 95628,604.856.5516x191
BRN000625,Clark Inc,UU829,"0274 Curtis Lock Leeville, PW 19004",(628)619-5481x409
BRN000626,"Dixon, Pratt and Adams",JM876,"610 Hall Shores Suite 985 Cunninghamfort, NV 98878",001-245-652-4074x124
BRN000627,Hernandez-Craig,MU934,"05661 Atkins Square East Amberbury, VA 44439",884.347.0208x367
BRN000628,"Boyd, Turner and Aguilar",vR810,"804 Nathan Way Apt. 710 Burgessmouth, TN 57240",(772)214-3482
BRN000629,Wells-Reed,vq303,USNS James FPO AP 70209,+1-614-973-8003x209
BRN000630,Bates-Herring,JJ841,"566 Wright Plains North Brandiland, WV 32732",+1-601-772-3830
BRN000631,"Phillips, Rojas and Jones",Py867,"719 Wesley Club Suite 825 Estestown, IA 83456",325.346.1555
BRN000632,Carr Ltd,FG572,"54986 John Turnpike Suite 205 Port Craigside, UT 47349",4443695682
BRN000633,Griffith-Flores,Hz585,"20274 Bullock Mountain Apt. 357 Jenniferville, GU 81873",+1-233-419-2618x78181
BRN000634,Kaufman-Hayden,tg548,"42964 Foster Key Andrewsville, PA 05907",+1-894-583-3566x1651
BRN000635,"Frye, Smith and Horn",Bo345,"780 Wendy Turnpike Apt. 129 East Ruthville, NY 18879",5424981799
BRN000636,Bennett-Grimes,fH660,"963 Long Club Suite 016 Heatherborough, NM 74023",(377)908-7412x106
BRN000637,James-Bryant,kk913,"610 Norris Corners West Toniberg, HI 37844",001-352-399-7305x3845
BRN000638,Zamora-Fuller,kL687,"68547 Mcmillan Cliff Josephstad, RI 80647",(941)243-1378x77218
BRN000639,Schroeder and Sons,sR836,"9800 Lee Lodge Suite 687 Daviston, NE 34509",(948)937-3475x29156
BRN000640,"Chang, Obrien and Klein",bG254,"646 Melanie Lodge Suite 478 Williamhaven, HI 29779",5932611782
BRN000641,Chavez Ltd,Pz204,"206 Cochran River New Victorfort, MO 70606",686.846.2688x99186
BRN000642,"Allen, Crawford and Ibarra",IO212,"693 May Knoll Flynnside, MN 36313",001-375-768-8578x5721
BRN000643,Thomas Group,jp491,"3729 Raymond Plaza Apt. 683 Clarkehaven, IA 05022",(229)892-8670x1779
BRN000644,Moon LLC,Tk066,USCGC Williams FPO AA 70481,326-323-8789
BRN000645,Wilson-Robinson,LX329,"016 Tucker Loop Suite 307 Tannerville, SD 52700",+1-789-385-4773x172
BRN000646,"Cannon, Smith and Davis",zw268,USCGC Hernandez FPO AA 65504,001-219-237-9225
BRN000647,Stokes PLC,ow906,"676 Yu Roads Lake Jennifermouth, MA 67733",001-282-461-7847x8402
BRN000648,"Martinez, Hansen and Dunn",rx757,"5438 Julie Landing Apt. 940 Adamsmouth, WV 74983",001-583-652-9774x90378
BRN000649,Brooks Inc,ZC605,"20302 Meredith Trail Apt. 511 North Trevor, CO 18818",855-793-5827
BRN000650,Mullins Group,ZG517,"041 James Views Apt. 748 New Elijah, GA 99490",001-756-732-1985x520
BRN000651,Murphy-Mendoza,nm330,"6714 Lisa Estates Suite 586 Johnsonview, NY 72042",308.742.2178x97643
BRN000652,"Huffman, Martinez and Cooper",bX841,"8502 Lewis Harbor South Tara, MO 15913",636-553-0933x1194
BRN000653,Hall PLC,Dj275,"57553 Reed Lane Apt. 303 Clarkside, DC 08310",001-387-888-3625x4071
BRN000654,"Anderson, Young and Melendez",CJ929,"4277 Jennifer Park Suite 001 Hunterside, AS 07471",(361)621-2673x869
BRN000655,Garcia-Dixon,IK570,"60756 Rogers Course Suite 828 North Gabrielle, WV 44844",(755)476-2112
BRN000656,Martinez and Sons,Ge795,"97533 Williams Pass Apt. 203 East Deanna, NJ 24168",902.455.1321x842
BRN000657,Stanley-Massey,Kc702,"047 Jessica Haven Suite 560 New Shawn, AR 60645",001-878-371-2119x920
BRN000658,"Harrington, Lee and Hanson",Cg157,"062 Reese Corners Apt. 129 New Christina, ND 44958",5228791442
BRN000659,Williams-Martinez,PA586,"408 Ariana Cape Apt. 506 North Kevinmouth, NE 57868",+1-493-422-7289x198
BRN000660,"Murray, Lee and Stevens",un187,"07192 Paul Roads Apt. 098 West Carrie, MP 39581",754-473-9779
BRN000661,Wood Ltd,qC804,"08916 Crawford Stream Suite 292 East Kevinville, TN 06212",001-865-330-8940
BRN000662,Scott Ltd,dA312,"648 Arthur Mall Ashleystad, VI 50755",001-707-638-6223x83681
BRN000663,Galvan-Phillips,oq866,"38748 Alexander Wells Port Bryan, MN 55558",874-256-8225
BRN000664,Peterson-Potter,fI870,"1276 Roberto Lane Suite 264 Victoriashire, MI 77828",465.726.1806
BRN000665,Chen PLC,oU973,"89019 Jones Circle Suite 242 Teresaburgh, GA 37818",493-521-9374x6042
BRN000666,"Townsend, Williams and Mckenzie",Bu034,USNV Becker FPO AP 83232,(793)351-2979
BRN000667,Lewis LLC,vB659,"05189 Michele Isle Apt. 599 Port Wayne, NC 09004",001-378-600-3280x47077
BRN000668,Fuller-Jones,iR816,"8841 Robinson Circle Geoffreyton, NM 36696",(407)388-5696
BRN000669,"Nguyen, Gonzalez and Smith",Ls380,"7514 Benjamin Stream South Jameschester, IA 64201",946.711.7371x9673
BRN000670,Knight-Davis,JX266,"8158 Gonzalez Center Apt. 907 West Cynthia, CA 78005",(810)854-3926
BRN000671,"Gardner, Hall and Cooper",gX788,"852 Vanessa Manors Port Greggview, MT 37241",(810)619-0517
BRN000672,"Mccoy, Lewis and Davis",Lc658,"113 Donald Road Port Thomas, FL 36224",001-742-393-5167x64131
BRN000673,Smith Ltd,yC531,"246 Romero Freeway Browntown, IL 85742",+1-979-727-4546x793
BRN000674,Wood PLC,hO374,"964 Stefanie Road Suite 856 West Julie, WA 52685",(370)534-1629x5455
BRN000675,Villa and Sons,iA588,"662 Byrd Causeway Marystad, AR 69666",(493)854-4289x88596
BRN000676,"Griffin, Crawford and Austin",nP324,"1930 Brenda Cape Apt. 256 Robertsberg, NC 38603",001-625-917-0330x107
BRN000677,"Fischer, Bass and Tate",AL741,"02516 Mark Rapids Wattsshire, VA 73572",+1-710-624-1351
BRN000678,"Harvey, Mills and Jackson",Ni171,"3757 David Skyway East Michael, TX 01247",001-455-690-1520
BRN000679,Fitzpatrick Ltd,mu609,"3372 Peterson Courts Barnesburgh, OK 39277",(598)807-7210x4861
BRN000680,Smith Group,KF331,"3166 Melinda Light Apt. 006 Fitzgeraldton, IL 70645",540-714-7092x090
BRN000681,Morgan LLC,Uj580,"93465 Garcia Extensions South Jacquelineport, NY 60449",(690)524-0948
BRN000682,Mayer-Ramirez,pf361,USS Mcbride FPO AA 77773,001-645-296-4634x08650
BRN000683,"Lloyd, Johnson and Patterson",jr952,"390 Mclean Spring Port Jeffrey, NV 29757",4356657715
BRN000684,Smith-Ross,Es906,"2064 Chambers Roads Apt. 894 West Emily, MT 90022",+1-387-379-4931x1155
BRN000685,Jones Inc,ZN555,USCGC Fleming FPO AE 97597,001-876-202-9253
BRN000686,Johnson Inc,aU794,"91094 Jimenez Keys East Travis, ME 33087",(904)715-5093x4249
BRN000687,Ibarra-Richardson,Hv045,"2377 Scott Trail Lake John, CT 21586",+1-880-967-9151
BRN000688,"Flores, Patrick and Thompson",Vx125,"60765 Mathews Mountain Amandafort, AL 33889",559-243-9644x3715
BRN000689,Ortiz-Golden,cU086,"43984 Brandon Row Hinesmouth, OH 59186",3215288864
BRN000690,Sanchez LLC,mA811,"78204 Brian Lake Apt. 403 Lake David, KS 81359",368-354-5374x5426
BRN000691,Shepard-Thomas,sx262,"842 Keller Crossroad Apt. 530 New Elizabethburgh, TX 71403",+1-352-409-9971x082
BRN000692,"Howell, Norman and Hansen",Qa115,USNS Burgess FPO AE 91387,666.430.3836
BRN000693,Cook LLC,Sy021,"04886 Ashley Brook Suite 732 Lake Theresa, MP 69948",(907)976-0562
BRN000694,Thompson PLC,IG277,"019 House Ferry Suite 170 Port Brittany, MD 55994",+1-944-765-5369x30145
BRN000695,Hartman-Martin,vS335,"2336 Guerrero Burg East Danielleville, WV 99321",984.943.8318x483
BRN000696,Johnson LLC,qX735,"PSC 9849, Box 6386 APO AA 28139",001-321-302-8969
BRN000697,Moore-Flores,IR478,"80198 Garcia Grove South Brandonton, TX 76278",841.767.3987x04333
BRN000698,"Todd, Snyder and Vance",Dv632,USNS Rivera FPO AP 80117,001-881-728-7222x20985
BRN000699,Stone-Wilson,ii102,USS Lee FPO AE 86723,4319693234
BRN000700,"Costa, Garcia and Herrera",Mm968,"98387 Theresa Points East Jacqueline, HI 67884",5286714546
BRN000701,Marsh Inc,sN069,"4491 Christina Views Apt. 579 North James, MD 33723",4084971025
BRN000702,"Gilbert, Patterson and Briggs",Zm938,"8289 Wade Ports Christopherbury, AR 41044",368.222.5430
BRN000703,"Brown, Krause and Miller",ym534,"56201 Hughes Village Suite 780 West Cassandrafurt, DE 03157",001-487-428-8533x434
BRN000704,Lee-Lewis,ZJ396,"8253 Troy Crescent North Danielport, MI 88312",736-812-2047x98845
BRN000705,Miranda-Hanna,sk749,"69448 Adams Plaza Angelaview, WI 03279",(783)538-6255
BRN000706,"Swanson, Peters and Lowe",bm384,"PSC 3995, Box 6081 APO AA 68537",+1-300-337-1148x37139
BRN000707,Johnson-Murray,Ym989,"7824 Jones Valleys Port Robin, TX 56952",567-649-4950x895
BRN000708,"Wilson, Woods and Jefferson",zc194,"6786 Arnold Roads Apt. 385 East Charles, NJ 68242",+1-451-802-0634
BRN000709,Ford-Evans,uZ871,"55119 Rodriguez Pass Suite 006 West Carol, KY 29060",001-779-643-0625
BRN000710,"Murray, Roth and Ramirez",so825,"PSC 7579, Box 8194 APO AP 12853",269-318-6727x87225
BRN000711,Williams Inc,Nm841,"9831 Emily Mountain Suite 683 Bryantborough, MD 75400",486.402.7950x421
BRN000712,Pena LLC,oJ921,"76005 Aaron Corner South Laura, PA 21472",001-702-965-6150
BRN000713,Golden-Osborn,vP912,"66422 Debra Creek Andersonfurt, MD 43208",001-575-328-7203
BRN000714,Black-Holt,yD939,"95129 Jason Trace Jamesshire, OH 88481",+1-738-949-8504
BRN000715,"Mccarthy, Schmidt and Hicks",Sb156,"018 Kyle Inlet Lake Williamhaven, FM 36903",001-227-444-2359x82449
BRN000716,Patterson-Clark,jp266,"9161 Perez Plain Suite 973 Cherylport, CT 35335",001-709-349-8750x67072
BRN000717,"Edwards, Yoder and Brown",Dv131,"529 Atkinson Court South Thomas, MO 54268",(631)624-0260x98797
BRN000718,Campbell-Moran,uc062,"5444 Reyes Trail South Terri, AK 39669",943-219-1077x786
BRN000719,"Morales, Smith and Soto",uq559,"249 Steve Trail Suite 209 Albertstad, MT 51562",+1-675-945-1948x9829
BRN000720,Jones-Fuller,YE942,"000 Arroyo Parkways Suite 570 Parkerland, NM 69929",2436417596
BRN000721,Melton and Sons,Vp215,"672 Navarro Ford Whitakerberg, OK 76409",9645244152
BRN000722,Warner-Elliott,fY373,"589 Christina Vista Williamsmouth, GA 49111",700-322-1407
BRN000723,Gordon-Mason,Ik562,"15062 Natalie Terrace Suite 336 South Brianahaven, KY 68939",001-658-644-8189x9028
BRN000724,Jackson Inc,qo139,"140 Zuniga Roads Suite 948 Lake Antonioville, NJ 45971",871-895-0313
BRN000725,Poole LLC,SW032,"1955 Justin Lights Apt. 729 Port Christopher, KS 36781",+1-347-960-1329
BRN000726,Mcclure-Ward,XD342,"5803 Megan Tunnel West Amy, PW 79296",001-747-681-1641x164
BRN000727,"Arias, Spencer and Peterson",Dj953,"22104 Sullivan Unions Apt. 181 West Jenniferburgh, WV 40202",001-232-490-1305x79353
BRN000728,Miles Ltd,xn037,"747 Stewart Forest East Rachel, GA 69459",228-466-1182
BRN000729,Gray and Sons,dn294,"9000 Cabrera Centers Apt. 061 Walterschester, OR 98088",833.375.4526x121
BRN000730,"Taylor, Johnson and Gonzalez",nL184,"8210 Pamela Brook Suite 264 North Matthewmouth, NJ 11574",505-367-3151
BRN000731,Lee Group,yZ968,"720 Kirk Port Suite 981 East Robert, RI 81271",395.690.2849x36575
BRN000732,Shaw-Knight,yA271,"714 George Corners New John, GA 33458",579.391.3945x941
BRN000733,Gray-Sullivan,Dm246,"6722 Christopher River Parkerview, MP 82200",+1-256-995-3814x0272
BRN000734,Chaney-Diaz,dZ426,"505 Nicole Camp Suite 086 Albertshire, AK 72533",7452680772
BRN000735,"Solis, Nelson and Sanders",cv463,"378 Bartlett Ways Apt. 336 Port Elizabethton, KS 01562",+1-911-219-3777x363
BRN000736,"Reeves, Crawford and Jimenez",nO042,"4084 Nathan Islands Apt. 551 South Mallorymouth, MS 49572",793-512-5126x055
BRN000737,"Brown, Burton and Ramos",Pd315,"374 Paul Glen Suite 779 Port Erictown, SC 01035",689-875-1888x55730
BRN000738,"Perez, Gay and Murphy",VH903,"842 Catherine Rest Josephview, AS 45352",5529546905
BRN000739,Zhang-Harvey,ib367,"25286 Mark Highway Apt. 291 South Nancy, LA 82688",794-801-8091x379
BRN000740,"Harris, Williams and Davis",XP463,"7825 Vargas Villages Apt. 594 West Jessica, ME 42731",(498)940-7789x944
BRN000741,Liu and Sons,WG830,"716 Garza Plains Leonardfurt, UT 11512",001-695-699-6498
BRN000742,"Wolfe, Lopez and Stone",HX991,"1408 Charles Trail Wolfefort, IN 97592",499-677-3294
BRN000743,Adams Inc,GH320,"15598 David Prairie Apt. 813 West Paultown, IN 09027",001-508-934-3442x7478
BRN000744,Hernandez-Long,OH165,"8419 Jesse Mountains Suite 209 North Christopherville, TX 47197",(468)891-1214
BRN000745,"Daniel, Mata and Powers",xx216,"82356 Miller Union South Veronica, MH 29081",775.270.7142x85705
BRN000746,"Galvan, Kennedy and Holmes",VR627,"1193 Berg Center Apt. 761 Lake Allenchester, MN 20401",773-485-0769x069
BRN000747,"Evans, Miller and Sanchez",QR144,"225 Shirley Lights West Christinehaven, AZ 74944",001-873-303-8831
BRN000748,"Johnson, Vega and Smith",eG403,"01781 Karen Ports Suite 327 Brookshaven, AR 18603",894.744.5159
BRN000749,Johnson-Oliver,Ne576,"3125 Sabrina Parkways North Brettside, AL 22011",654-421-4240
BRN000750,Flowers Inc,xP011,"27045 Murphy Land Apt. 090 Gordonchester, GU 37804",339-383-3143x5312
BRN000751,Gallegos LLC,tB645,"2170 Terry Extension Suite 282 Snydershire, FL 82724",462.622.4504x6478
BRN000752,"Anderson, Smith and Carrillo",oZ604,"6518 Paula Roads Suite 389 New Jeremyside, PW 20282",+1-473-252-6659x073
BRN000753,Lam Group,ym785,"37246 Keith Village West Andrewfort, TN 75827",392.655.8453x2541
BRN000754,Bowen PLC,OF820,"17315 Gonzalez Ville Lake Heatherhaven, OK 40797",864.979.0928
BRN000755,"Collins, Livingston and Moore",rQ766,"766 Singleton Burg Lake Heatherstad, NC 32539",+1-796-934-7156x85210
BRN000756,Cooper-Vazquez,bS572,"999 Carla Plain Williamsbury, NY 19713",293.233.2007x785
BRN000757,Prince LLC,ZV180,"305 Tiffany Villages East Christopherhaven, KS 04814",708-759-8630x12843
BRN000758,Smith Group,es979,"2010 Carter Ridges Holmeston, ND 80581",(976)893-8486x34998
BRN000759,Wilson-Scott,BH242,"4457 Joshua Meadow Suite 614 Elizabethborough, IL 80885",8084808067
BRN000760,"Oconnell, Barker and Cruz",SL611,"759 Tommy Rapids West Veronicafort, OH 42498",941-453-9150
BRN000761,Humphrey-Hughes,oB319,"8390 Warren Neck Jefferyberg, HI 74987",+1-557-320-7420x22628
BRN000762,Hunter Ltd,el837,"5284 Justin Villages West Courtney, IN 59471",(670)970-1054x9812
BRN000763,"Perez, Brown and Anderson",WJ172,"1349 Jonathan Villages Suite 216 South Cheryl, MH 61676",529-450-9869x69460
BRN000764,Hernandez-Gonzalez,YT170,"04339 Samuel Glen Suite 669 Jamesland, IL 28660",(986)424-1575
BRN000765,Bennett-Vasquez,XP604,"1952 Jeremy Manors Fordchester, MO 65466",9542257436
BRN000766,Parker-Steele,PP952,"6912 White Flat Apt. 266 East Nicholasport, LA 50163",+1-298-865-1955x1454
BRN000767,Calhoun-Berry,bG734,"70184 Harrison Springs Christopherside, SC 78287",+1-806-250-3062
BRN000768,"Klein, Morgan and Baxter",qM927,"554 Barry Shoals South Kennethfurt, UT 22399",001-246-228-8134
BRN000769,Sanchez and Sons,NE408,"43898 Mcclure Estates Suite 184 Heatherport, WY 96948",001-846-635-6808x0783
BRN000770,"King, Haley and Lopez",nw462,"179 Thompson Dam Apt. 722 North Paulborough, CA 33371",001-957-310-6347x41829
BRN000771,Zavala Inc,GU290,"2600 Marshall Causeway Duranville, PW 82840",374.848.0571x6577
BRN000772,Wiggins and Sons,Lf302,"90673 Joshua Well Suite 845 West Nicholasborough, GA 94813",(947)324-7562x22661
BRN000773,Hendrix Inc,TG315,"3457 Young Highway Suite 074 Mcdanieltown, AR 21131",521.825.9313x863
BRN000774,"Buchanan, Mason and Wood",hs120,"9381 Daniel Burgs South Stephanie, MN 37534",8737629289
BRN000775,Bishop PLC,kF512,"394 Dillon Grove New Shaneview, MS 46554",001-679-818-5415x3189
BRN000776,"Stewart, Hernandez and Anderson",NL569,"351 Jones Plaza Lopezton, MH 29450",513.559.7077
BRN000777,Wood LLC,SJ350,"0390 Benjamin Greens Suite 143 South Kyle, CT 79648",001-735-508-6100x856
BRN000778,Meyer-Berry,Dy382,"7030 Bray Prairie Nicholaston, DE 04450",(538)973-8932x5051
BRN000779,Barnes LLC,Di871,"5510 Simon Cliff Apt. 264 Ryanside, NJ 76868",+1-817-632-9317
BRN000780,Johnston Inc,OZ400,"1230 Jill Rue Suite 242 Stewartbury, WV 37577",(230)249-9966x008
BRN000781,Combs-Mack,CD297,"88393 Michael Circle Suite 396 East Jeffrey, IN 63310",+1-413-852-9324
BRN000782,"Bailey, Williams and Jackson",ho551,"45583 Christine Inlet North Aaronborough, RI 29478",001-257-275-5039x5175
BRN000783,"Bowen, Nguyen and Hensley",pM020,"213 Chad Route Suite 673 New Ashley, ND 20757",+1-372-523-0820x4467
BRN000784,"Yang, Jackson and Hernandez",bE867,"428 Jordan Wells West Christian, OR 96752",001-906-300-3637x56131
BRN000785,"Woodward, Hutchinson and Johnson",Ud620,"580 Lisa Mountain Suite 626 Port Jessica, MA 61746",233-686-0494x90831
BRN000786,Hamilton-Wang,tI976,"942 Ann Valleys East Selena, PA 30387",001-653-971-2781x866
BRN000787,Cole Group,zt539,"62191 Walker Mall Suite 659 South Brian, AZ 96326",646-791-6580x525
BRN000788,Walker Ltd,ju860,"94990 Kayla Pass South Caitlinshire, GA 98331",616-634-3073
BRN000789,Bradley-Wallace,MC040,"PSC 3997, Box 8007 APO AP 10340",+1-451-370-6891x3099
BRN000790,Morrow PLC,Mm871,"1595 Taylor Roads Jenniferland, AR 18836",207-844-3921x751
BRN000791,"Vargas, Kent and Mitchell",mO554,"89944 Christopher Ferry Port Linda, MO 59813",559.547.4152
BRN000792,"Barnes, Vega and Smith",Ga705,"35172 Renee Highway East Brandi, FL 22194",+1-723-770-3847
BRN000793,Villarreal and Sons,ex015,"837 Amanda Dam Suite 051 North Tinastad, CA 64550",786-775-9635
BRN000794,"Parrish, Cook and Perez",dV012,"98561 Bass Turnpike Apt. 133 New Jeanhaven, AZ 41668",001-419-654-9385
BRN000795,Simpson Inc,ZD591,"3446 Harrington Mews Suite 301 Terrymouth, AZ 71579",3725170198
BRN000796,"Mason, Murray and Crawford",sW286,"03372 Sarah Brook Suite 116 Carrollton, VA 39899",(734)974-8287
BRN000797,Chang-Smith,jc927,"07218 Smith Loaf Suite 483 Port Ralphmouth, MP 54191",+1-588-241-1889x5131
BRN000798,"Williams, Myers and Chen",pi807,"68396 Phillip Ville Blackport, DC 72982",+1-419-229-3837
BRN000799,Davidson LLC,Ug244,"03811 Henderson Brooks South Victor, AZ 21193",645-342-2377
BRN000800,Mejia LLC,qF009,"535 James Underpass Apt. 222 Daniellemouth, NE 06266",820.757.9140
BRN000801,White-Clark,vI345,"39945 Destiny Trace Lake Sarahstad, HI 43454",749-841-9158x27935
BRN000802,Greene-Rivera,Qx676,"078 Brittany Mission Suite 964 Lake Sharimouth, IN 97459",001-685-342-1280x18279
BRN000803,Tran Inc,if742,"2998 Joseph Road Shermanberg, AZ 51311",+1-963-650-4751x08124
BRN000804,"Bailey, Lee and Hunt",BU243,"097 Ryan Port Suite 820 Port Corey, UT 65868",(835)314-8655x40398
BRN000805,Elliott-White,GO731,"896 Hart Expressway Suite 099 Marciaville, MH 16608",+1-963-703-9328x9931
BRN000806,Herman and Sons,WF474,"979 Nicole Brook Suite 276 Brookschester, WV 80635",668.795.4882
BRN000807,Bentley Inc,Rq393,"69319 Amy Turnpike Suite 916 Tanyaland, MA 15297",601-505-5832
BRN000808,"Dawson, Alexander and Watts",WN081,"8919 Henry Branch Apt. 423 Port Sharonshire, MO 35874",992-896-9781
BRN000809,King Group,tf737,"777 Williams Point Apt. 292 Amyburgh, TX 38363",800.305.0611
BRN000810,"Newton, Williams and Newman",wq146,"145 King Throughway Lake Josephchester, DC 63828",7229655620
BRN000811,"Williams, Howard and Vincent",VT089,"74827 Green Mountains South Lori, LA 90763",+1-576-581-1868x092
BRN000812,Reed-Carroll,dN192,"70346 Garcia Trail Nancyton, AL 55223",389.273.2239x62648
BRN000813,"Brown, Lawrence and Gonzalez",EN152,"0814 Peterson Square Apt. 352 Batestown, CT 44003",323.906.6471x3133
BRN000814,"Ramirez, Murphy and Golden",rN536,"2548 Daniel Light Suite 866 Lake Cody, VT 93153",672-713-9841
BRN000815,Pham Group,Lz749,"6161 Henderson Drives Apt. 969 West Dwayneside, IA 21892",597-317-6567x448
BRN000816,"Ryan, Jackson and Pena",dQ337,"92615 Luis Crossing Suite 614 North Patrickton, HI 63396",712-208-5445
BRN000817,Turner and Sons,de222,"31121 Smith Landing Miguelland, MO 70057",(864)628-9380x36908
BRN000818,Obrien-Barr,pA781,"PSC 5978, Box 7989 APO AA 34192",422.224.7266x336
BRN000819,"Collins, Patterson and Austin",XY663,"8441 Norris Lights Suite 602 West Arielside, VT 77915",852.203.4887x64293
BRN000820,Gonzalez LLC,hG015,"320 Ann Gateway Garciafort, OK 13408",363-218-4692x652
BRN000821,Morrison-Nguyen,la629,"497 Benson Landing Suite 667 Jeremymouth, TN 17217",7363456973
BRN000822,Brooks Ltd,nv339,"45919 Patricia Way Kelleyborough, IL 37011",001-841-473-8088x50414
BRN000823,"Hogan, Hoffman and Larsen",Zv129,"640 Martinez Road Port Olivia, PW 27095",+1-985-616-5781x482
BRN000824,"Lucero, Collins and Lee",OG755,"414 Perez Shore Suite 156 Youngshire, MP 09200",535-743-0128x30909
BRN000825,Jones Group,kI555,"0097 Leroy Ferry North Cesarborough, MO 83374",221.310.6208
BRN000826,King-Terry,At779,"6695 Johnson Well Suite 070 Williamberg, SC 26142",+1-575-473-5372x4976
BRN000827,Frazier Ltd,Ds951,"649 Jacob Parkway North Carrieland, OH 08583",585.787.3208x8681
BRN000828,"Mack, Mora and Rodriguez",BN516,"2337 Shaun Rue Apt. 194 East Charles, OH 26867",001-566-613-5983x1234
BRN000829,Shaffer PLC,MP293,"23104 Davis Knoll Suite 197 West Christophermouth, WY 29362",725-700-1074x95538
BRN000830,Barber Group,OA992,"398 Troy Ramp Andersonbury, AK 74966",8082478829
BRN000831,Murray LLC,uP871,"0208 Mark Track Apt. 477 Port Charles, AL 81063",272-692-5382x546
BRN000832,"Perez, Curry and Scott",hW577,"00400 Jason Street Suite 457 Matthewfurt, WV 30979",+1-483-668-0816x63980
BRN000833,Oneal Ltd,VN499,"67040 John Fords Suite 040 East Christinachester, TN 29201",001-993-294-6487x422
BRN000834,"Martin, Jackson and Phillips",sN481,"57788 Ashley Port Longville, LA 79244",(233)378-7658x738
BRN000835,Moore-Carlson,Nu723,"63212 Ryan Cliffs Apt. 461 South Jessicaburgh, KY 33463",965.742.9569
BRN000836,Williams-Jensen,Xc458,"4842 Smith Land Suite 174 Johnsonborough, FM 42334",620-495-6115x62458
BRN000837,"Ryan, Williams and Herman",JZ473,"9081 Pitts Junction Apt. 154 Katrinaview, MN 75763",+1-892-235-3365x5398
BRN000838,"Torres, Graham and Mosley",pc792,"21240 Amanda Hills Suite 773 Lake Tinaland, WY 96659",938-543-7675x45173
BRN000839,Page-Mcmillan,Ea391,"PSC 0188, Box 3974 APO AA 27775",625.520.0408x03302
BRN000840,Lopez-Freeman,ZV079,"PSC 4641, Box 8839 APO AE 77964",(866)770-8094x311
BRN000841,"Cox, Robertson and Snyder",IS130,"9228 Lawrence Underpass Suite 079 Lake Jennifer, AZ 65261",617-329-7600x72254
BRN000842,"Cummings, Keller and Jackson",Kf667,"5215 Harris Oval Apt. 610 West Mariahshire, IL 63828",(449)321-0226x63608
BRN000843,"Barnett, Grant and Lee",ee290,"19708 White Lane Apt. 523 East Sheila, MP 44908",+1-580-896-9043x1556
BRN000844,"Bond, Carson and Wall",vW918,USNS Perry FPO AP 02269,616.582.7189x71136
BRN000845,"Conrad, Jones and Adams",YR405,USCGC Franklin FPO AA 91152,+1-223-792-9927x56274
BRN000846,Santiago PLC,bn041,"227 Nichols Lakes Apt. 230 South Pamela, MD 81167",426-258-3305
BRN000847,"Garcia, Hudson and Mcknight",NK650,"2544 Jessica Greens Walterview, TX 91071",(833)958-0326x7584
BRN000848,Taylor and Sons,UC744,"4435 Vasquez Walk Apt. 617 South Eric, NE 81363",+1-997-613-9464
BRN000849,"Gibson, Solis and Waters",Tc049,"794 Lori Prairie Apt. 887 Lake Melissaview, MP 45879",792.599.6710
BRN000850,Sullivan Group,ZO297,"90101 Parker Forges Apt. 145 Diazview, WY 57634",+1-811-957-6503x799
BRN000851,Martinez-Sawyer,kq606,USNS Hunt FPO AE 94809,5888791574
BRN000852,"Middleton, Gonzalez and Tran",wc437,"50532 Martinez Point Suite 317 Port Samanthaport, LA 44672",+1-775-236-0472
BRN000853,Jones LLC,YT286,"549 Leslie Shore Apt. 151 Lancetown, MD 97829",758.567.0637x10065
BRN000854,Johnson LLC,Hh827,"04078 Timothy Junction Apt. 751 Kelseyhaven, IN 24163",(384)399-0791x5667
BRN000855,Atkinson LLC,UH416,"791 Logan Lane Apt. 520 Davidport, GA 08053",713-954-0477
BRN000856,Sanders-Garcia,gL275,"447 Skinner Coves Kellyborough, TX 50189",(996)368-7658x55646
BRN000857,Wilson Inc,ub748,"PSC 8188, Box 7049 APO AP 58453",409-298-6784x647
BRN000858,Reed-Mccoy,Gp769,"6576 Brown Fords New Evanfurt, MO 73760",001-807-736-8994x429
BRN000859,Hughes and Sons,Sp052,"3561 Stacey Trail Apt. 776 Sandrahaven, MH 46080",+1-214-264-3313x7469
BRN000860,"Burns, Taylor and Clark",JQ932,"6950 Karla Hill Apt. 371 North Ericfort, RI 97126",464-670-1136
BRN000861,Sparks Group,dW611,"4209 Charles Shoals Apt. 312 Lake Jose, NV 99768",001-346-264-4323x24331
BRN000862,"Knapp, Cobb and Lewis",PD933,"49093 Jessica Road Suite 788 West Barry, MA 18031",+1-803-532-3814x7431
BRN000863,"Chaney, Morton and Whitaker",nL336,"591 Thomas Mills Apt. 676 Tiffanyfurt, RI 47638",582.739.5110x381
BRN000864,Ayala-Drake,Dn826,"0041 Christina Parks Stephaniemouth, PA 21507",236.974.0011x0145
BRN000865,"Aguilar, Greene and Porter",Su816,"521 Christie Manor Suite 592 South Cindy, KS 67318",+1-623-688-6009x1500
BRN000866,Duran PLC,Mj259,Unit 7358 Box 9374 DPO AA 27177,(541)441-5814x839
BRN000867,White Inc,vb597,"395 Denise Terrace Suite 431 West Patriciafurt, NE 44833",564-821-1217x251
BRN000868,Hamilton-Wilkinson,gg074,"3317 Hernandez Ferry Apt. 859 North Keithbury, FM 09939",001-864-768-1216
BRN000869,"Thompson, Ortega and Rose",kJ798,"10575 Potter Track Dianeshire, KS 98358",857-863-1247
BRN000870,Rhodes-Little,wQ412,"276 Galvan Extension Apt. 605 Lake Elizabethbury, VT 12150",(204)452-3977
BRN000871,"Lee, Mcdonald and Miller",eZ190,"867 Autumn Trail Apt. 535 Alejandrohaven, HI 26070",7858632921
BRN000872,Goodman Inc,pm398,"79068 Bridget Walks Apt. 241 West Monique, MP 96885",776-254-2308x86388
BRN000873,Williams PLC,Ud385,"88541 Stewart Village New Sharon, WI 96467",338-692-5977x63527
BRN000874,"Warren, Wiley and Lawson",gM573,"6660 Erica Courts West Raymond, AR 59987",510-393-6683x54194
BRN000875,Cook PLC,SU460,"1649 William Canyon Suite 948 Saraview, IA 48830",(286)768-2672x96616
BRN000876,Wilson-White,tY177,"36910 Charles Point Victoriaburgh, ME 74372",894-272-7212x74793
BRN000877,Melton Group,ta217,"970 Taylor Point East Jesseborough, NY 24728",828.977.0642
BRN000878,Dean-James,fE828,"65636 Mary Mountains Kennedymouth, GA 77265",(467)422-1990x679
BRN000879,"Cunningham, Griffin and Kennedy",aa441,"9578 Julie Mission Apt. 127 Petersonview, ME 47215",+1-746-967-7042
BRN000880,"Dawson, Miller and Kim",Gf687,"4264 Burke Crossroad Suite 761 Fredborough, TN 07232",001-523-916-9588
BRN000881,"Harmon, Mitchell and Brown",Ik795,USS Wheeler FPO AP 41824,663.772.1619x7385
BRN000882,Summers-Dean,sA996,"055 Huff Spurs Jordanfort, NC 49423",+1-404-238-1184x933
BRN000883,Hurst and Sons,oC726,Unit 0607 Box 0776 DPO AP 77260,974.636.7173x91112
BRN000884,Cunningham-Colon,dZ209,Unit 8207 Box 0254 DPO AE 56925,(911)618-2627x060
BRN000885,Harris and Sons,Gf472,"61830 Arnold Parks Andrewbury, CT 13467",934-969-9748x0589
BRN000886,"Escobar, Maldonado and Martinez",Jn618,Unit 2638 Box 5089 DPO AE 68038,001-569-796-0935x29281
BRN000887,"Tucker, Lopez and Wilson",Gj898,"PSC 5379, Box 0827 APO AP 09717",3126638384
BRN000888,Hill PLC,vP588,"09272 Marcus Knoll West Stephanie, MO 41724",553-807-9468x1995
BRN000889,Reyes LLC,qH860,"908 Ashley Creek Port Thomasfurt, VA 85019",(629)908-5573x56932
BRN000890,Ward-Parsons,zc408,"94688 Taylor Ports Apt. 184 Thomasshire, GU 55919",001-974-625-7299x6714
BRN000891,Rodriguez Group,Gm529,"18868 Ford Port Garyborough, MA 28505",001-963-908-7507x1142
BRN000892,"Buchanan, Higgins and Fuentes",iT894,"95374 Julie Manors Apt. 103 Port Tiffanybury, CA 71319",(347)585-1435x80712
BRN000893,"Wolfe, Russell and Smith",km001,"4364 Melissa Gardens Apt. 274 Turnermouth, CT 21140",+1-776-466-0800x445
BRN000894,Fernandez-Morton,Ru365,"877 Holly Lodge Apt. 332 New Michelleport, IL 18610",466.667.0590x117
BRN000895,Yu LLC,Ul607,"979 Murphy Skyway Suite 633 Lake Zacharymouth, NC 10434",(701)611-5525x74317
BRN000896,"Barnett, Smith and Riddle",tZ555,"2964 David Estates Donaldside, AZ 81129",283-564-1238x3280
BRN000897,Harvey-Kennedy,TK128,"7955 Matthew Place Jonesfurt, MA 40568",377-351-5519x801
BRN000898,"Burns, Moody and Mitchell",XE228,"2655 Michele Mall West Kimberlyland, NH 53724",313.586.3058
BRN000899,Brooks LLC,ja735,"743 Kyle Lodge Apt. 229 Jeffreyfurt, WY 98596",911.859.4692x3462
BRN000900,King-Miranda,Bd219,"82190 Ramos Walks Suite 032 East Laura, NY 70787",(764)211-0395
BRN000901,Robinson and Sons,lU609,"639 Dennis Harbor Vegamouth, MA 37423",(969)936-5933x8996
BRN000902,"Salazar, Brewer and Brown",iV684,"52089 Cunningham Street Suite 311 Lake Amyport, SC 38378",(979)264-9276
BRN000903,Butler Group,DA434,"32844 Mckee Knolls Harrismouth, MN 51682",648-411-5622x545
BRN000904,"Howe, Shaffer and Johnston",Qp048,"6590 Nguyen Stravenue Lake Julia, LA 92839",872.564.9064x01986
BRN000905,Decker PLC,lN989,"7450 Debbie Plains West Danielle, AK 30395",001-640-445-2747
BRN000906,Jones-Flores,YC688,"65344 Walter Isle Ashleyside, AR 20673",+1-890-212-5117x02910
BRN000907,Shannon-Hull,lY674,"5849 Lopez Forge New Frankport, PR 11901",692-871-8903
BRN000908,"Crane, Bailey and Rivera",UO766,"237 Tyler Junction Apt. 258 Port Valerie, GA 81152",(705)542-1436x2338
BRN000909,"Weeks, Powers and Davis",AR717,"256 Alexis Village Apt. 230 Kimberlyville, AL 57437",+1-657-654-4302x28122
BRN000910,Benjamin Group,Eb907,"956 Moran Manors Suite 081 Amandashire, SC 68988",565-457-7087x070
BRN000911,"Mendoza, Martin and Mooney",wW317,"5786 Hughes Plaza Lake Christine, MS 96611",4106068670
BRN000912,"Henry, Watson and Miller",xv531,"698 Moore Lock West Joshuaview, CA 77115",001-788-394-0489x81630
BRN000913,Perez Group,ZB676,"7455 Petty Isle Suite 637 South Kimberlymouth, WY 56065",841-429-3251x129
BRN000914,Lopez and Sons,iW853,USNS Rodriguez FPO AE 13129,964.862.1975
BRN000915,Henderson LLC,KI729,"9800 Roach Flat Lisaville, MA 35713",590.663.4127x658
BRN000916,Taylor-Rodriguez,ee608,USNV Wilson FPO AE 87136,6902470766
BRN000917,"Flores, Green and Green",Xx005,"3080 Joseph Port Suite 266 New Karlberg, OH 33953",001-744-258-5156x7513
BRN000918,Ray-Robinson,NA951,"893 Rogers Lakes Apt. 924 Jeffreytown, ID 76243",001-526-387-2520x5287
BRN000919,"Ramsey, Long and Freeman",oT044,"23894 Nicole Lights Kellyshire, MT 16694",990.614.5934
BRN000920,Grant-Cooper,wb400,"26925 Smith Shore Port Timothy, AK 94433",782-391-3374x962
BRN000921,"Torres, Jackson and Bell",Mp575,"4237 Ellis Camp Suite 622 West Michaelmouth, NJ 94283",+1-492-532-2750x74383
BRN000922,Mcdonald Group,Zf236,"9341 Jeffrey Ranch Suite 834 Calhounfort, RI 98566",5208366141
BRN000923,"Barrett, Miller and Smith",Qo056,"119 Thomas Unions East Christopher, MT 65251",475-778-3802x219
BRN000924,Parker PLC,eF629,"901 Debra Track South Ianview, MT 33888",001-969-820-5652
BRN000925,White Inc,oO969,"7419 Dixon Way North Robertshire, ID 11785",789.941.5276x814
BRN000926,Clark-Garcia,Dy095,"943 John Forks Apt. 514 South Christinastad, MA 65957",6043202729
BRN000927,"Young, Brooks and Gonzalez",Lh263,"153 Christopher Dale North Katherine, RI 97235",990.849.6396x3037
BRN000928,"Mitchell, Watson and Erickson",Mp627,"2840 Hinton Junction Apt. 708 West Jasmine, CT 54895",001-422-555-5925x41401
BRN000929,Nelson-Martin,TJ957,"055 Joshua Meadow Apt. 722 Whitakerville, DE 01356",523.693.7768x59831
BRN000930,"Nelson, Cortez and Wu",vO106,"88841 Barber Junctions East Brian, PR 66268",936-520-2970x5274
BRN000931,Bradley Ltd,TQ271,"14300 Lawrence Crossing East James, WI 98391",(844)653-1858x22977
BRN000932,"Martinez, Ramsey and Bush",uG410,"8800 Walsh Centers East Jennifer, AZ 12905",(546)534-8313x2873
BRN000933,Foster Inc,Vi276,"0894 Berger Walk Lloydberg, AR 18925",001-782-202-6867x031
BRN000934,Simon Ltd,LO232,"7318 Jason Fort South James, RI 84659",8357102344
BRN000935,"Shepherd, Johnson and Leonard",jc337,"843 Garcia Fall Apt. 972 Summerchester, WY 86683",001-380-977-7603
BRN000936,Jones Inc,fg793,"40331 Ricky Groves Lake Susan, IN 75042",(343)907-4705x221
BRN000937,Small-Rodriguez,pV322,"39632 Carl Center Lake Brian, KY 40973",(881)693-8244
BRN000938,"Garcia, Jones and Robertson",Lh364,"22272 Brooke Springs Suite 298 Williamsshire, KS 09867",279.965.3537x0539
BRN000939,Holloway PLC,YX028,"5756 Steven Place Apt. 395 Port Carlos, SD 13996",874.743.8753x9772
BRN000940,Lopez-Mendez,dJ563,"700 Christopher Land Suite 396 Averyton, HI 29461",(680)396-4602
BRN000941,Robertson-Walker,wV797,Unit 5335 Box 6406 DPO AE 04878,+1-587-519-8345x726
BRN000942,"Wood, Barnes and Smith",fN318,"5284 Terry Ridge Suite 322 Port Donald, KS 08536",8355104229
BRN000943,West and Sons,CI867,"32992 Perry Spur Christianland, NH 42977",426-854-3302
BRN000944,Trevino Group,wu308,"6874 Jodi Harbors Nashburgh, KS 77080",318-825-3857x60320
BRN000945,"Barron, Logan and Boyle",TG284,"355 Mark Green Apt. 067 Erinstad, VI 29591",001-704-758-5744
BRN000946,Jenkins Group,mn016,"489 Anthony Way New James, OK 82056",923-468-7022x03506
BRN000947,Dixon-Wheeler,up261,"990 Boyle Summit West Stanley, SC 75418",(456)384-7072
BRN000948,Friedman LLC,iX469,"595 Anthony Road Suite 338 North Karentown, MN 08867",001-767-613-2096x9253
BRN000949,Mckay Inc,Gm349,"1493 Thomas Spur Ryanbury, WV 44727",694-922-1291x66976
BRN000950,"Day, Ayala and Cannon",JK591,Unit 2951 Box 2249 DPO AE 66059,(208)995-4328x447
BRN000951,Kane LLC,gR938,Unit 3265 Box 5569 DPO AA 48313,+1-262-730-0418
BRN000952,Williams-Marks,HA135,"0745 Angela Points Port Diane, AL 80697",494.316.5551
BRN000953,Frank-Flores,Zl208,"9778 Krause Shoal West Jeremyshire, PW 35626",853.736.8585x609
BRN000954,"Robinson, Jackson and Valencia",gZ760,"669 Berry Views Crossbury, MP 98397",340.589.3754
BRN000955,Ochoa and Sons,xA527,"3443 Smith Field Apt. 380 Greenstad, WY 59508",743.447.4240
BRN000956,Wright-Nolan,dk308,"00574 Tara Crest Suite 895 Christopherport, NE 30327",264.662.3464x45283
BRN000957,Harris-Hartman,Wk130,USCGC Gonzalez FPO AP 69101,001-276-203-3940x1375
BRN000958,Carter-Compton,Bu205,"8384 Jones Spring Davidburgh, GA 92225",+1-582-868-1810x0144
BRN000959,"Watson, Rodriguez and Walker",py776,"411 Adams Estates Apt. 207 South Davidside, MD 33747",+1-216-861-6034x832
BRN000960,"Johnson, Daniels and Shaw",rt114,"92412 Sweeney Junction New Tylerfort, RI 82736",773-297-3567
BRN000961,"Cook, Glass and Lewis",IP675,"332 Alexander Pines Victorbury, VA 51633",+1-699-382-9650
BRN000962,Edwards-Sweeney,OH017,"4872 Margaret Spring Port Nicholeborough, NH 86891",001-899-713-7487
BRN000963,"Brown, Williams and Wong",vT691,"99154 Monica Harbor Suite 799 East Ericmouth, FL 54835",612-654-9946
BRN000964,Davis LLC,oJ297,"22264 Peggy Harbor South Alyssa, CA 06331",8515677558
BRN000965,Gonzalez-Hatfield,vy952,"49758 Mitchell Wells Mcgeestad, DE 27067",269-848-2129x909
BRN000966,Kelly Group,vk061,"1232 Howell Run Apt. 810 West Donnaton, HI 42711",588.223.7340
BRN000967,Stewart PLC,BG199,"872 Karen Dam Prattland, NM 81019",001-733-939-9995
BRN000968,Peterson Inc,sR352,"4127 Long Cliffs Apt. 865 Petersonville, TN 54734",(883)365-6240x646
BRN000969,Peters-Harris,wV857,"4307 John Rest East Nicole, FM 65105",(670)205-8152x41761
BRN000970,Scott Group,Rw106,"279 Katherine Burg Apt. 527 Hernandezbury, KY 78362",(514)618-0088
BRN000971,Howard Group,Gu988,"949 Brittany Crescent Adamshire, AL 26465",(754)889-6613x3049
BRN000972,"Kennedy, Richardson and Mcneil",Ck284,"2598 Caleb Centers East Christopher, TX 14890",001-551-712-7145x1772
BRN000973,Moreno-Morrow,xg773,"9581 Williams Expressway New Elizabeth, NC 80415",778-615-4257x66531
BRN000974,Gonzalez and Sons,Bq156,"7644 Brandon Drives Apt. 750 North Dannytown, AK 33600",762-652-8579
BRN000975,Henry-Atkins,Gi845,"8307 Blair Shores Apt. 250 New Michael, ND 12043",486-217-7471
BRN000976,Hall-Olsen,Jc793,"1089 Blanchard Turnpike East Jennifer, NE 06508",631.714.3866
BRN000977,Green Group,dF726,Unit 4799 Box 4372 DPO AE 70359,511.316.7047x74973
BRN000978,Curry PLC,Yi919,"PSC 2781, Box 7195 APO AP 68741",(481)572-8248x66963
BRN000979,"Morrow, Johnson and Williams",VO504,"83551 Simmons Lodge Laurenborough, UT 89713",(508)399-7674
BRN000980,Smith LLC,Pt439,"3851 Julie Lodge Waltonview, NM 76447",(254)831-5694
BRN000981,Francis-Wright,Op925,"210 Elizabeth Ville East Emilyhaven, UT 66522",001-693-835-3089x4141
BRN000982,Rodriguez-Ramirez,mK409,"152 Peck Grove Suite 426 Jasonview, IN 91283",(791)923-2419x95131
BRN000983,Lopez-Ward,aQ574,"885 Graham Isle South Michealport, NE 28844",9635235665
BRN000984,Holloway and Sons,ox886,"045 Bennett Unions Suite 516 Michelleville, HI 11976",(779)665-0867x7242
BRN000985,"Morris, Watson and Anderson",KN845,"80214 Tyler Isle Suite 864 Williamsview, CO 86034",001-357-357-3174x892
BRN000986,Newton-Jones,Fu264,"98981 Mendoza Pass Apt. 954 Smithberg, WA 76071",5424435392
BRN000987,"Ryan, Osborn and Richardson",yh925,"123 Boyer Crescent Apt. 538 East Elizabethchester, AK 99356",350-367-9648x09867
BRN000988,"Ferguson, Price and Turner",My422,"77449 Thomas Village Apt. 737 Trevorville, WV 15819",430-689-3256x7457
BRN000989,Rojas PLC,NI164,"20276 Contreras Street West Jordanside, FM 95929",5603163915
BRN000990,Jacobs-Miller,ny847,"47960 Jennings Green Port Jasonshire, VT 75440",435-491-0367x019
BRN000991,Watkins-Brown,cF836,"2950 Thompson Pass East Sharon, PA 24211",001-892-279-5215x35957
BRN000992,"Jenkins, Green and Pittman",mk194,"156 Woods Cliffs Michaelfurt, TX 74040",763-451-5180
BRN000993,Gomez PLC,uP544,"8509 Knight Cliff Apt. 714 Jesseborough, SC 86410",001-472-877-8303
BRN000994,"Payne, Clayton and Washington",Qe842,"2360 Angela Lock Apt. 742 Foxstad, LA 26579",+1-715-232-7661x091
BRN000995,Ward LLC,BX016,"96196 Green Greens Jeremyfurt, GU 37054",236-685-0448x29240
BRN000996,"Watson, Anderson and Conley",qE790,"8174 Schmidt Vista Suite 774 New Terri, CA 05702",778-376-3879x07752
BRN000997,"Jones, Bush and Fox",Od622,"5687 Ramirez Ramp Frankfurt, OH 45052",(549)689-9536
BRN000998,Williams-Joseph,Ac315,"9057 Williams Ways Phillipsview, UT 06674",659.372.2339x353
BRN000999,"Fisher, Mckee and Baker",mb249,"03312 Christina Branch Suite 749 East Taylor, CO 88695",001-478-236-0839x631
BRN001000,"Gilmore, Thompson and Forbes",ou358,"0304 Kirsten Trafficway Cynthiaview, SD 03180",948-375-5181
