NomineeID,AccountID,NomineeName,NomineeRelation
NOM000001,ACC000702,David Smith,Child
NOM000002,ACC000360,Sarah Chan,Spouse
NOM000003,ACC000449,Brian Jackson,Child
NOM000004,ACC000099,Patrick Lopez,Spouse
NOM000005,ACC000442,Jesse Johnson PhD,Friend
NOM000006,ACC000595,Mary Farrell,Friend
NOM000007,ACC000125,Mitchell Cross,Child
NOM000008,ACC000293,Amanda Reid,Spouse
NOM000009,ACC000781,Justin Lopez,Friend
NOM000010,ACC000249,Jeffrey Lewis,Spouse
NOM000011,ACC000985,Natasha Mendoza,Friend
NOM000012,ACC000535,Kelly Johnson,Friend
NOM000013,ACC000526,Jacqueline Mitchell,Parent
NOM000014,ACC000119,John Bradshaw,Spouse
NOM000015,ACC000356,Brianna Bowman,Friend
NOM000016,ACC000868,Chris Stephens,Parent
NOM000017,ACC000276,George Hughes,Sibling
NOM000018,ACC000011,Jessica Arnold,Parent
NOM000019,ACC000668,Alexander Caldwell PhD,Child
NOM000020,ACC000339,Jennifer Downs,Friend
NOM000021,ACC000343,Karl Castaneda,Parent
NOM000022,ACC000519,Vanessa Rodriguez,Child
NOM000023,ACC000287,Kimberly Murphy,Parent
NOM000024,ACC000918,Stephanie Williams,Parent
NOM000025,ACC000173,Ann Walker,Spouse
NOM000026,ACC000043,Rachel Roth,Sibling
NOM000027,ACC000684,Tina Shields,Parent
NOM000028,ACC000309,Brendan Stewart,Child
NOM000029,ACC000221,Juan Bean,Parent
NOM000030,ACC000936,Kyle Frey DDS,Spouse
NOM000031,ACC000910,Mario Andrews,Sibling
NOM000032,ACC000258,Judy Navarro,Sibling
NOM000033,ACC000263,Kenneth Shea Jr.,Child
NOM000034,ACC000645,Paul Castillo,Friend
NOM000035,ACC000875,Jessica Ayers,Spouse
NOM000036,ACC000200,Timothy Martin,Spouse
NOM000037,ACC000409,Pamela Cross,Sibling
NOM000038,ACC000161,Amanda Bates,Child
NOM000039,ACC000720,Daisy Franklin,Friend
NOM000040,ACC000837,Daniel Dawson,Sibling
NOM000041,ACC000403,Sydney Miller,Child
NOM000042,ACC000666,Darren Fernandez,Child
NOM000043,ACC000357,Nicholas Johnson,Friend
NOM000044,ACC000096,Andrew Harris,Child
NOM000045,ACC000101,Sandra Harrington,Child
NOM000046,ACC000529,James Doyle,Friend
NOM000047,ACC000517,Tanya Ramirez,Parent
NOM000048,ACC000220,Kari Robinson,Child
NOM000049,ACC000353,Jeffrey Hodges,Parent
NOM000050,ACC000426,Crystal Johnson,Parent
NOM000051,ACC000401,Alexander Schultz,Friend
NOM000052,ACC000781,Patrick Hopkins,Parent
NOM000053,ACC000033,Cynthia Ramirez,Spouse
NOM000054,ACC000540,Tiffany Lane,Sibling
NOM000055,ACC000128,Monique Jackson,Spouse
NOM000056,ACC000149,Samuel Mendez,Sibling
NOM000057,ACC000615,Diana Hernandez,Parent
NOM000058,ACC000677,Valerie Tanner,Child
NOM000059,ACC000894,Kristin Rojas,Spouse
NOM000060,ACC000763,Tracy Savage,Sibling
NOM000061,ACC000054,Jason Dalton,Spouse
NOM000062,ACC000074,Lawrence Lee,Sibling
NOM000063,ACC000123,Courtney Perez,Child
NOM000064,ACC000765,Michael Miller,Friend
NOM000065,ACC000076,Natalie Parker,Parent
NOM000066,ACC000234,Grace Rose,Spouse
NOM000067,ACC000740,James Durham II,Friend
NOM000068,ACC000372,Shelby Bautista,Parent
NOM000069,ACC000417,Carol Larsen,Parent
NOM000070,ACC000649,Stephen Carter,Child
NOM000071,ACC000715,Krista Smith,Child
NOM000072,ACC000538,Amy Carpenter,Spouse
NOM000073,ACC000489,Haley Smith,Spouse
NOM000074,ACC000239,Matthew Soto,Child
NOM000075,ACC000495,Matthew Whitney,Spouse
NOM000076,ACC000944,Cindy Mcguire,Child
NOM000077,ACC000131,David Kelley,Parent
NOM000078,ACC000118,Teresa Owens,Spouse
NOM000079,ACC000675,Mrs. Mary Carpenter,Parent
NOM000080,ACC000595,Judith Summers,Friend
NOM000081,ACC000685,Sarah Gomez,Child
NOM000082,ACC000637,Steven Barnes,Friend
NOM000083,ACC000178,Timothy Walter,Spouse
NOM000084,ACC000316,Travis Reed,Sibling
NOM000085,ACC000331,Leah Scott,Spouse
NOM000086,ACC000456,Jessica Morton,Spouse
NOM000087,ACC000466,Cynthia Freeman,Child
NOM000088,ACC000324,Janet Herrera,Spouse
NOM000089,ACC000915,Rebecca Davis MD,Spouse
NOM000090,ACC000429,Lisa Rose,Child
NOM000091,ACC000672,Susan Lowery,Spouse
NOM000092,ACC000781,Joseph Jones DDS,Parent
NOM000093,ACC000147,Christopher Henry IV,Sibling
NOM000094,ACC000547,Dawn Ramos,Friend
NOM000095,ACC000043,Melinda Moore,Spouse
NOM000096,ACC000614,Tina Smith,Friend
NOM000097,ACC000388,Michelle Morgan,Friend
NOM000098,ACC000288,William Scott,Parent
NOM000099,ACC000584,Lacey Mejia,Child
NOM000100,ACC000037,Alexandra Novak,Friend
NOM000101,ACC000076,Dana Boone,Friend
NOM000102,ACC000774,Dylan Morales,Sibling
NOM000103,ACC000739,Carol West,Sibling
NOM000104,ACC000589,Donna Arnold,Spouse
NOM000105,ACC000477,James Frye,Child
NOM000106,ACC000443,Zachary Miles,Parent
NOM000107,ACC000509,Kelly Smith,Spouse
NOM000108,ACC000233,Eric Conner,Spouse
NOM000109,ACC000874,Michelle Cummings,Child
NOM000110,ACC000416,Stephen Montgomery,Friend
NOM000111,ACC000891,Jennifer Michael,Parent
NOM000112,ACC000402,Lindsey Cortez,Friend
NOM000113,ACC000754,Brian Johnson,Friend
NOM000114,ACC000728,Kathryn Harris,Parent
NOM000115,ACC000339,Ronald Henry,Spouse
NOM000116,ACC000861,Michelle Snyder,Child
NOM000117,ACC000196,Matthew Campbell,Parent
NOM000118,ACC000059,Tony Reed,Spouse
NOM000119,ACC000185,Shelly Evans,Friend
NOM000120,ACC000836,Heather Rocha,Friend
NOM000121,ACC000004,Patricia Flores,Friend
NOM000122,ACC000573,Melissa Young,Spouse
NOM000123,ACC000371,Andrew Hill,Sibling
NOM000124,ACC000457,Thomas Brown,Parent
NOM000125,ACC000825,Elizabeth Bartlett,Friend
NOM000126,ACC000129,Tina Dunn,Child
NOM000127,ACC000749,Diana Garrison,Parent
NOM000128,ACC000732,Michael Christian,Sibling
NOM000129,ACC000278,Walter Turner,Friend
NOM000130,ACC000196,Tabitha Garcia,Sibling
NOM000131,ACC000267,Linda Rodriguez,Friend
NOM000132,ACC000998,Cynthia Barry,Sibling
NOM000133,ACC000365,Eric Compton,Child
NOM000134,ACC000212,Robert Allison,Sibling
NOM000135,ACC000180,Kevin Vargas,Parent
NOM000136,ACC000509,Scott Foster,Sibling
NOM000137,ACC000146,Isaac Johnson,Parent
NOM000138,ACC000615,Wanda Glass,Friend
NOM000139,ACC000567,Sharon Rivera,Spouse
NOM000140,ACC000758,Caleb Knight,Friend
NOM000141,ACC000541,Erika Medina,Spouse
NOM000142,ACC000602,Jacob Ortiz,Friend
NOM000143,ACC000021,Robert Ferguson,Parent
NOM000144,ACC000445,William White,Parent
NOM000145,ACC000773,Walter Gardner,Parent
NOM000146,ACC000909,Robert Harris DDS,Sibling
NOM000147,ACC000734,Joshua Duncan,Spouse
NOM000148,ACC000738,Alicia Johnson,Spouse
NOM000149,ACC000482,Lisa Hamilton,Parent
NOM000150,ACC000582,Kathryn Cook,Child
NOM000151,ACC000894,Joseph Sandoval,Friend
NOM000152,ACC000981,Brandon Lopez,Child
NOM000153,ACC000980,Kevin Martinez,Child
NOM000154,ACC000926,Sarah Reid,Friend
NOM000155,ACC000765,Laura Estrada,Sibling
NOM000156,ACC000752,Nicholas Johnson,Sibling
NOM000157,ACC000263,Allison Miller,Sibling
NOM000158,ACC000264,Ryan Rhodes,Child
NOM000159,ACC000158,Karen Colon,Parent
NOM000160,ACC000235,Jenna Lucero,Friend
NOM000161,ACC000982,Robert Bennett,Sibling
NOM000162,ACC000712,Robert Reynolds,Parent
NOM000163,ACC000837,Steven Porter,Child
NOM000164,ACC000232,Patricia Lopez,Child
NOM000165,ACC000973,Aaron Johnson,Sibling
NOM000166,ACC000175,Carrie Mata,Sibling
NOM000167,ACC000050,Shannon Torres,Parent
NOM000168,ACC000290,James Mcgee,Child
NOM000169,ACC000659,Erica Davis,Friend
NOM000170,ACC000425,Alison Baldwin,Spouse
NOM000171,ACC000705,Crystal Schneider,Friend
NOM000172,ACC000141,Keith Baker,Sibling
NOM000173,ACC000207,Terri Jones,Spouse
NOM000174,ACC000272,Brian Thomas,Sibling
NOM000175,ACC000341,Sarah Parker,Spouse
NOM000176,ACC000550,Brian Leonard,Child
NOM000177,ACC000073,Adam Wright,Child
NOM000178,ACC000280,Lisa Hernandez,Child
NOM000179,ACC000232,Thomas Melendez,Spouse
NOM000180,ACC000601,Sarah Rivera,Parent
NOM000181,ACC000331,Javier Robinson,Parent
NOM000182,ACC000953,Elizabeth Alexander,Friend
NOM000183,ACC000078,Robert Levy,Parent
NOM000184,ACC000739,Chelsea Herrera,Spouse
NOM000185,ACC000789,Kenneth Lyons,Spouse
NOM000186,ACC000148,Kimberly Walker,Sibling
NOM000187,ACC000549,Rachael Smith,Spouse
NOM000188,ACC000132,Vanessa Edwards,Child
NOM000189,ACC000329,Kevin Perez,Spouse
NOM000190,ACC000440,Frank Valdez,Parent
NOM000191,ACC000417,Christina Briggs,Parent
NOM000192,ACC000039,Aaron Anderson,Friend
NOM000193,ACC000949,Lisa Brown,Spouse
NOM000194,ACC000419,Bryan Flores,Sibling
NOM000195,ACC000146,Deanna Bell,Parent
NOM000196,ACC000027,Robert Campbell,Spouse
NOM000197,ACC000099,Jesse Evans,Spouse
NOM000198,ACC000883,Mariah Anderson,Child
NOM000199,ACC000375,Hannah Gomez,Sibling
NOM000200,ACC000943,Joshua Brown,Spouse
NOM000201,ACC000514,Joshua Lane,Child
NOM000202,ACC000029,Claudia James,Friend
NOM000203,ACC000673,Kevin Moss,Friend
NOM000204,ACC000584,Lindsey Cuevas,Sibling
NOM000205,ACC000104,Allison Taylor,Spouse
NOM000206,ACC000835,Hannah Jones,Sibling
NOM000207,ACC000791,Mary James,Child
NOM000208,ACC000586,Sarah Moody,Sibling
NOM000209,ACC000237,Joel Smith,Child
NOM000210,ACC000804,Cristian Taylor,Child
NOM000211,ACC000065,Kristina Silva,Friend
NOM000212,ACC000765,Mercedes Bauer,Child
NOM000213,ACC000532,David Garrett,Friend
NOM000214,ACC000414,Michael Edwards,Sibling
NOM000215,ACC000140,Dustin Foster,Sibling
NOM000216,ACC000524,William Taylor,Friend
NOM000217,ACC000885,Michelle Weaver,Sibling
NOM000218,ACC000518,Hannah Castillo,Parent
NOM000219,ACC000385,Emily Crawford,Parent
NOM000220,ACC000842,Angela Ruiz,Parent
NOM000221,ACC000356,Elizabeth Matthews,Parent
NOM000222,ACC000406,April Gonzalez,Sibling
NOM000223,ACC000537,Martha Lawrence,Parent
NOM000224,ACC000612,Kimberly Burton,Child
NOM000225,ACC000357,Michael Mcdaniel,Parent
NOM000226,ACC000674,Richard Allen,Sibling
NOM000227,ACC000751,Susan Hicks,Friend
NOM000228,ACC000982,Casey Schroeder,Parent
NOM000229,ACC000885,Yolanda Lee,Sibling
NOM000230,ACC000674,Gina Logan,Child
NOM000231,ACC000810,Daniel Mitchell,Spouse
NOM000232,ACC000944,Peter Flores,Spouse
NOM000233,ACC000478,Nathaniel Hogan,Child
NOM000234,ACC000537,Stephanie Mcmillan,Child
NOM000235,ACC000343,Wayne Shannon,Sibling
NOM000236,ACC000777,Brian Paul,Sibling
NOM000237,ACC000648,Joshua Rosario PhD,Parent
NOM000238,ACC000492,Mrs. Stacy Jones,Sibling
NOM000239,ACC000528,Christina Petty,Parent
NOM000240,ACC000064,Dennis Taylor,Child
NOM000241,ACC000496,Kyle Holt,Friend
NOM000242,ACC000427,Tyrone Miller,Friend
NOM000243,ACC000961,Michael Guerrero,Child
NOM000244,ACC000565,Matthew Hill,Sibling
NOM000245,ACC000580,Karen Flynn,Sibling
NOM000246,ACC000784,Kyle Miranda,Spouse
NOM000247,ACC000118,Angela Day,Spouse
NOM000248,ACC000358,Megan Harris,Spouse
NOM000249,ACC000382,Elizabeth Fields,Spouse
NOM000250,ACC000447,Heather Branch,Parent
NOM000251,ACC000787,Anthony Newman,Friend
NOM000252,ACC000854,Mr. Cameron Foster MD,Parent
NOM000253,ACC000266,April Wallace,Child
NOM000254,ACC000003,Paul Hopkins,Spouse
NOM000255,ACC000951,Mr. David Miller,Sibling
NOM000256,ACC000606,Douglas Wood,Parent
NOM000257,ACC000187,Felicia Gibbs,Friend
NOM000258,ACC000288,Keith Jones,Spouse
NOM000259,ACC000737,Christian Middleton,Parent
NOM000260,ACC000979,Gregory Jennings,Spouse
NOM000261,ACC000901,Larry Vincent,Friend
NOM000262,ACC000271,Christopher Cooley,Sibling
NOM000263,ACC000069,Cody Anderson,Child
NOM000264,ACC000929,Deborah Williams,Friend
NOM000265,ACC000329,Lawrence Andrews,Spouse
NOM000266,ACC000636,Jason Reed PhD,Spouse
NOM000267,ACC000398,Michael Obrien,Friend
NOM000268,ACC000218,Lisa Hudson,Friend
NOM000269,ACC000054,Frank Wilson,Parent
NOM000270,ACC000342,Kenneth Sullivan,Spouse
NOM000271,ACC000382,Scott Grimes,Sibling
NOM000272,ACC000979,Ashley Young,Spouse
NOM000273,ACC000683,Rachel Rogers,Friend
NOM000274,ACC000339,Anne Johnson,Sibling
NOM000275,ACC000420,Deborah Cohen,Friend
NOM000276,ACC000166,Wendy Mcdonald,Child
NOM000277,ACC000750,Yesenia Jackson,Child
NOM000278,ACC000594,Adam Adams,Friend
NOM000279,ACC000373,Andrew Harvey,Sibling
NOM000280,ACC000587,Robert Collins,Sibling
NOM000281,ACC000584,Sandra Harris,Spouse
NOM000282,ACC000189,Timothy Cook,Parent
NOM000283,ACC000478,Rebecca Hopkins,Child
NOM000284,ACC000370,Ivan Ryan,Friend
NOM000285,ACC000856,Shannon Thomas,Child
NOM000286,ACC000183,Abigail Miller,Spouse
NOM000287,ACC000490,Tracy Diaz MD,Spouse
NOM000288,ACC000154,Tim Henry,Spouse
NOM000289,ACC000664,Gabriella Clay,Sibling
NOM000290,ACC000056,James Owens,Sibling
NOM000291,ACC000911,John Rich,Friend
NOM000292,ACC000009,Kara Jacobs,Sibling
NOM000293,ACC000248,Brittany Rojas,Spouse
NOM000294,ACC000973,William Watts,Sibling
NOM000295,ACC000406,Brittany Stevenson,Spouse
NOM000296,ACC000895,Lori Miles,Sibling
NOM000297,ACC000138,Nathan Watson,Spouse
NOM000298,ACC000830,Jennifer Ross,Friend
NOM000299,ACC000175,Johnny Clark,Spouse
NOM000300,ACC000304,Lisa Martinez,Sibling
NOM000301,ACC000949,Dawn Bishop,Sibling
NOM000302,ACC000684,Angel Wood,Spouse
NOM000303,ACC000976,Tracey Jimenez,Parent
NOM000304,ACC000246,John Johnson,Sibling
NOM000305,ACC000752,Lauren Powell,Spouse
NOM000306,ACC000325,Jamie Carlson,Sibling
NOM000307,ACC000094,Anthony Patterson,Child
NOM000308,ACC000165,Anthony Perez,Sibling
NOM000309,ACC000440,Ryan Lee,Child
NOM000310,ACC000149,Curtis Spencer,Child
NOM000311,ACC000689,Lisa Quinn,Child
NOM000312,ACC000982,Michael Holden,Sibling
NOM000313,ACC000012,Brent Hunt,Child
NOM000314,ACC000650,Megan Scott,Child
NOM000315,ACC000098,Shawn Garcia,Child
NOM000316,ACC000473,Patricia Rodriguez,Child
NOM000317,ACC000710,Darin Thompson,Parent
NOM000318,ACC000775,Amy Murillo,Friend
NOM000319,ACC000922,Amber Hendricks,Friend
NOM000320,ACC000897,Lisa Jordan,Friend
NOM000321,ACC000254,William Dickson,Spouse
NOM000322,ACC000040,Shawn Thomas,Friend
NOM000323,ACC000261,Maria Robinson,Sibling
NOM000324,ACC000616,Shirley West,Spouse
NOM000325,ACC000431,Kelly Lane,Parent
NOM000326,ACC000958,Angela James,Spouse
NOM000327,ACC000247,Gloria Chambers,Friend
NOM000328,ACC000173,Carlos Turner,Spouse
NOM000329,ACC000994,Darlene Reyes,Parent
NOM000330,ACC000632,Brittany Wright,Child
NOM000331,ACC000770,Shelly Moreno,Child
NOM000332,ACC000122,Natalie Nunez,Spouse
NOM000333,ACC000748,Rebecca Garcia,Friend
NOM000334,ACC000722,Sarah May,Sibling
NOM000335,ACC000810,Antonio Byrd,Friend
NOM000336,ACC000665,Allison Thompson,Friend
NOM000337,ACC000562,Jonathan Howell,Child
NOM000338,ACC000378,William Kane,Spouse
NOM000339,ACC000538,Angelica Hall,Child
NOM000340,ACC000944,Maria Ortiz,Child
NOM000341,ACC000300,Jody Hoffman,Sibling
NOM000342,ACC000630,Thomas Rivera,Friend
NOM000343,ACC000517,Louis Rodriguez,Sibling
NOM000344,ACC000015,Kyle Figueroa,Sibling
NOM000345,ACC000235,Nicole Steele,Sibling
NOM000346,ACC000687,Lisa Robinson,Parent
NOM000347,ACC000495,Daniel Quinn,Parent
NOM000348,ACC000719,Jordan Ramirez,Spouse
NOM000349,ACC000162,Justin Barrett,Friend
NOM000350,ACC000497,Debra Rowe,Parent
NOM000351,ACC000492,Amy Castro,Child
NOM000352,ACC000109,Katie Wagner,Sibling
NOM000353,ACC000632,Brittany Williamson,Spouse
NOM000354,ACC000752,Michael Baxter,Child
NOM000355,ACC000542,Mary Smith,Child
NOM000356,ACC000093,Mrs. Hannah Holt,Friend
NOM000357,ACC000229,Heather Norris,Parent
NOM000358,ACC000311,Cheryl Owens,Spouse
NOM000359,ACC000790,Tyler Watkins,Parent
NOM000360,ACC000303,Cassandra Kelley,Child
NOM000361,ACC000086,Christine Soto,Spouse
NOM000362,ACC000410,Rebecca Rivera,Spouse
NOM000363,ACC000259,Lisa Richardson,Child
NOM000364,ACC000729,Julia Torres,Child
NOM000365,ACC000942,Tanya Bell,Spouse
NOM000366,ACC000428,William Anderson,Friend
NOM000367,ACC000562,Jonathan Hernandez,Spouse
NOM000368,ACC000087,Anthony Smith,Sibling
NOM000369,ACC000069,Robert Bonilla,Sibling
NOM000370,ACC000648,Brandy Howard,Sibling
NOM000371,ACC000091,Lucas Rivas,Spouse
NOM000372,ACC000089,Matthew Patel,Child
NOM000373,ACC000516,Jane Mercado,Parent
NOM000374,ACC000898,Matthew Bradley,Friend
NOM000375,ACC000706,Erika Stanton,Child
NOM000376,ACC000727,Cody Hensley,Spouse
NOM000377,ACC000811,Danny Wilson,Parent
NOM000378,ACC000389,Joseph Barr DDS,Friend
NOM000379,ACC000474,Anthony Bonilla,Spouse
NOM000380,ACC000442,Mary Cameron,Friend
NOM000381,ACC000925,John Liu,Spouse
NOM000382,ACC000259,Pamela Crawford,Child
NOM000383,ACC000223,Veronica Stokes,Spouse
NOM000384,ACC000481,David Clark,Child
NOM000385,ACC000649,Timothy Church,Child
NOM000386,ACC000158,Brandy Munoz,Child
NOM000387,ACC000266,Karen Harris,Parent
NOM000388,ACC000567,William Velez,Child
NOM000389,ACC000600,Laura Hill,Sibling
NOM000390,ACC000801,Tiffany Dixon,Parent
NOM000391,ACC000972,Yolanda Johnson,Spouse
NOM000392,ACC000280,Shannon Duncan,Sibling
NOM000393,ACC000150,Megan Mann,Child
NOM000394,ACC000030,Patrick Reed,Friend
NOM000395,ACC000209,Jimmy Kennedy,Child
NOM000396,ACC000262,Eddie Taylor,Sibling
NOM000397,ACC000900,Kristy Davis,Child
NOM000398,ACC000887,Brent Casey,Sibling
NOM000399,ACC000701,Adrian Heath,Child
NOM000400,ACC000778,Anthony Casey,Parent
NOM000401,ACC000309,Jeffrey Mendoza,Sibling
NOM000402,ACC000180,Kelly Hamilton,Sibling
NOM000403,ACC000516,Virginia Daniels,Spouse
NOM000404,ACC000308,Allison Wang,Child
NOM000405,ACC000879,Matthew Hall,Parent
NOM000406,ACC000888,Alex Douglas,Child
NOM000407,ACC000742,Jodi Keller,Spouse
NOM000408,ACC000820,Lisa Scott,Child
NOM000409,ACC000889,Cheryl Willis,Friend
NOM000410,ACC000933,Alexander Adams,Parent
NOM000411,ACC000788,Michelle Ortiz,Spouse
NOM000412,ACC000070,Jim Malone,Child
NOM000413,ACC000031,Candice Hernandez,Child
NOM000414,ACC000577,Timothy Harris,Parent
NOM000415,ACC000598,Brian Robinson,Spouse
NOM000416,ACC000062,Ryan Hull,Sibling
NOM000417,ACC000747,Thomas Brown,Sibling
NOM000418,ACC000572,Bruce Camacho,Child
NOM000419,ACC000551,Stacy Keller,Child
NOM000420,ACC000604,James Cox,Sibling
NOM000421,ACC000045,Jasmine Walton,Child
NOM000422,ACC000823,Spencer Jackson,Friend
NOM000423,ACC000356,Gabriela Mccullough,Friend
NOM000424,ACC000946,Stacey Simmons,Child
NOM000425,ACC000319,Jennifer Malone,Parent
NOM000426,ACC000890,Michael Riley,Sibling
NOM000427,ACC000197,Jennifer Hill,Parent
NOM000428,ACC000322,Latasha Morris,Sibling
NOM000429,ACC000812,Virginia Wood,Parent
NOM000430,ACC000183,Misty Santiago,Friend
NOM000431,ACC000230,Jade Romero,Sibling
NOM000432,ACC000753,Jose Mason,Child
NOM000433,ACC000366,Christopher Durham,Parent
NOM000434,ACC000959,Tyler Lozano,Parent
NOM000435,ACC000830,Steven Powell,Spouse
NOM000436,ACC000051,Steven Howard,Child
NOM000437,ACC000922,Karen Harrington,Sibling
NOM000438,ACC000765,Amy Cherry,Sibling
NOM000439,ACC000179,Lisa Martinez,Friend
NOM000440,ACC000842,Lisa Ford,Friend
NOM000441,ACC000139,Randy Mcconnell DDS,Friend
NOM000442,ACC000932,Phillip Thompson,Child
NOM000443,ACC000790,Timothy Smith,Parent
NOM000444,ACC000650,Ashley Davidson,Spouse
NOM000445,ACC000327,Joshua Hoffman,Friend
NOM000446,ACC000281,Tanner Bell,Child
NOM000447,ACC000854,Nicholas Wright,Child
NOM000448,ACC000718,Andrew Kerr,Parent
NOM000449,ACC000246,Brian Grimes,Child
NOM000450,ACC000678,Tanner White,Friend
NOM000451,ACC000451,Casey Jennings,Child
NOM000452,ACC000768,Gina Willis,Child
NOM000453,ACC000302,Carrie Fitzgerald,Sibling
NOM000454,ACC000778,Ashley Jackson,Spouse
NOM000455,ACC000975,Mitchell Johnson,Parent
NOM000456,ACC000064,Aaron Carter,Spouse
NOM000457,ACC000279,Joseph Turner,Parent
NOM000458,ACC000297,Michelle Evans,Sibling
NOM000459,ACC000822,Emma Saunders,Sibling
NOM000460,ACC000326,Paul Hall MD,Spouse
NOM000461,ACC000933,Teresa Garcia,Spouse
NOM000462,ACC000634,Tyler Stewart,Child
NOM000463,ACC000695,Edward Sanders,Parent
NOM000464,ACC000113,Sarah Gray,Child
NOM000465,ACC000378,Kelly Brown,Parent
NOM000466,ACC000878,Patricia Campbell,Parent
NOM000467,ACC000459,Stacy Mendoza,Friend
NOM000468,ACC000564,Samuel Baker,Sibling
NOM000469,ACC000874,Andrew Carlson,Sibling
NOM000470,ACC000994,Christopher Day,Sibling
NOM000471,ACC000089,Kimberly Gregory,Parent
NOM000472,ACC000531,Jordan Hall,Parent
NOM000473,ACC000400,Derek Clayton,Spouse
NOM000474,ACC000104,Wendy Hill,Spouse
NOM000475,ACC000901,Danielle Rose,Parent
NOM000476,ACC000362,Paul Barrett,Parent
NOM000477,ACC000127,Stephanie Holloway,Child
NOM000478,ACC000278,Scott Oneal,Sibling
NOM000479,ACC000165,Kristie Riggs,Parent
NOM000480,ACC000036,Brian Hebert,Sibling
NOM000481,ACC000720,Lindsey Wright,Spouse
NOM000482,ACC000242,Leslie Olson,Friend
NOM000483,ACC000028,Krystal Alvarez,Child
NOM000484,ACC000774,Phillip Patton,Sibling
NOM000485,ACC000155,Thomas Peck,Parent
NOM000486,ACC000918,Karen Wagner,Friend
NOM000487,ACC000526,Ricky Chase,Parent
NOM000488,ACC000322,Jason Armstrong,Spouse
NOM000489,ACC000456,Alicia Hart,Friend
NOM000490,ACC000344,Michael Vasquez,Sibling
NOM000491,ACC000616,Rebecca Henderson,Parent
NOM000492,ACC000693,Anna Lin,Child
NOM000493,ACC000304,John Smith,Sibling
NOM000494,ACC000217,Sally Brown,Parent
NOM000495,ACC000732,Elizabeth Stephens,Spouse
NOM000496,ACC000869,Alexis Lee,Sibling
NOM000497,ACC000847,Patricia Hoffman,Child
NOM000498,ACC000962,Stacy Krueger,Child
NOM000499,ACC000890,Kimberly Sanchez,Spouse
NOM000500,ACC000383,Tyrone Hernandez,Parent
NOM000501,ACC000808,Zachary Barr,Sibling
NOM000502,ACC000759,Michael Duran,Child
NOM000503,ACC000351,Adam Hernandez,Child
NOM000504,ACC000880,Allison Wilcox,Friend
NOM000505,ACC000973,Amanda Olson,Sibling
NOM000506,ACC000490,Eric Roth,Sibling
NOM000507,ACC000338,Paul Lucas,Parent
NOM000508,ACC000445,Leslie Bryant,Friend
NOM000509,ACC000380,Eric Maldonado,Child
NOM000510,ACC000885,Katrina Glover,Parent
NOM000511,ACC000267,Denise Weaver,Friend
NOM000512,ACC000353,Jeremy Garcia,Friend
NOM000513,ACC000514,Alyssa Johnson,Friend
NOM000514,ACC000127,Tracy Maddox,Sibling
NOM000515,ACC000676,Eric Chapman,Child
NOM000516,ACC000021,Brian Everett,Child
NOM000517,ACC000552,Steven Diaz,Child
NOM000518,ACC000966,Jill Hobbs,Child
NOM000519,ACC000152,Tricia Foley,Spouse
NOM000520,ACC000081,Casey Wilson,Spouse
NOM000521,ACC000632,Cynthia Lambert,Spouse
NOM000522,ACC000794,Kayla Murphy,Child
NOM000523,ACC000499,Alexander Holt,Friend
NOM000524,ACC000540,John Farmer,Sibling
NOM000525,ACC000130,Linda Cisneros,Spouse
NOM000526,ACC000163,Adam Bruce,Parent
NOM000527,ACC000581,Paul Mccann,Sibling
NOM000528,ACC000925,Suzanne Wang,Child
NOM000529,ACC000456,Taylor Hill,Spouse
NOM000530,ACC000251,Patrick Vincent,Child
NOM000531,ACC000865,Kenneth Robinson,Spouse
NOM000532,ACC000377,Jessica Watson,Sibling
NOM000533,ACC000477,Jennifer Sims,Spouse
NOM000534,ACC000653,Michael Hoover,Spouse
NOM000535,ACC000834,Travis Snyder,Child
NOM000536,ACC000911,Raymond Thompson,Spouse
NOM000537,ACC000397,Gwendolyn Mack,Spouse
NOM000538,ACC000147,George Suarez,Spouse
NOM000539,ACC000787,John Miller,Spouse
NOM000540,ACC000749,Chad Hampton,Parent
NOM000541,ACC000751,David Roberts,Child
NOM000542,ACC000938,David Harris,Child
NOM000543,ACC000819,Melissa Mullins,Friend
NOM000544,ACC000248,Katherine Johnson,Friend
NOM000545,ACC000605,Jessica Ward,Friend
NOM000546,ACC000470,Tina Ray,Friend
NOM000547,ACC000542,Debbie Norton,Friend
NOM000548,ACC000010,Gail Sanchez,Sibling
NOM000549,ACC000728,Cindy White,Child
NOM000550,ACC000572,Lydia Green,Friend
NOM000551,ACC000856,Brian Williams,Sibling
NOM000552,ACC000038,Thomas Hamilton,Parent
NOM000553,ACC000077,Alexis Carr,Sibling
NOM000554,ACC000155,Dave Alvarado,Child
NOM000555,ACC000662,Stanley Jones Jr.,Child
NOM000556,ACC000899,Grace Thornton,Sibling
NOM000557,ACC000523,Anna Hayes,Spouse
NOM000558,ACC000391,Deborah Barber,Sibling
NOM000559,ACC000074,Seth Lee,Sibling
NOM000560,ACC000647,Jacob Abbott,Sibling
NOM000561,ACC000891,Kimberly Johns,Sibling
NOM000562,ACC000053,Carl Williams,Friend
NOM000563,ACC000708,Bryce Page,Sibling
NOM000564,ACC000797,James Carson,Sibling
NOM000565,ACC000094,Carlos Bradley,Sibling
NOM000566,ACC000598,David Smith,Child
NOM000567,ACC000335,John Brown,Sibling
NOM000568,ACC000677,David Martinez,Spouse
NOM000569,ACC000073,Madison Roberts,Parent
NOM000570,ACC000116,Isabel Gordon,Parent
NOM000571,ACC000387,Anna Skinner,Friend
NOM000572,ACC000447,Bradley Thornton,Friend
NOM000573,ACC000172,Dr. Kayla Miller,Parent
NOM000574,ACC000764,Nicole Levine,Child
NOM000575,ACC000979,Jennifer Lee,Friend
NOM000576,ACC000893,Cynthia Larson,Spouse
NOM000577,ACC000240,Brandy Carlson,Sibling
NOM000578,ACC000392,Louis Fry,Sibling
NOM000579,ACC000758,James Morrison,Child
NOM000580,ACC000922,Christopher Hess,Sibling
NOM000581,ACC000877,Jennifer Martinez,Child
NOM000582,ACC000129,Jesus Jacobs,Sibling
NOM000583,ACC000601,Brittany Larsen,Spouse
NOM000584,ACC000657,Lauren Pittman,Spouse
NOM000585,ACC000629,Emily Lam,Sibling
NOM000586,ACC000793,Cory Walker,Parent
NOM000587,ACC000828,Allen Hernandez,Child
NOM000588,ACC000487,Luis Mosley,Friend
NOM000589,ACC000913,Angela Ward,Friend
NOM000590,ACC000479,Daniel Williams,Parent
NOM000591,ACC000743,Justin Hill,Sibling
NOM000592,ACC000528,Samantha Lucas,Sibling
NOM000593,ACC000969,Lawrence Mcmillan,Spouse
NOM000594,ACC000264,Brent Watts,Parent
NOM000595,ACC000869,Laura Lopez,Spouse
NOM000596,ACC000269,Jonathan Johnson,Spouse
NOM000597,ACC000104,Ralph Sparks,Child
NOM000598,ACC000305,Jacob Harris,Spouse
NOM000599,ACC000457,Austin Campbell,Spouse
NOM000600,ACC000287,Allison Bowman,Child
NOM000601,ACC000793,James Flores,Spouse
NOM000602,ACC000362,Jordan Wilkins,Sibling
NOM000603,ACC000730,Andrea Roberts,Friend
NOM000604,ACC000930,Heather Navarro,Parent
NOM000605,ACC000897,James Fry,Child
NOM000606,ACC000035,Ryan Espinoza,Child
NOM000607,ACC000637,Ashley Wallace,Sibling
NOM000608,ACC000924,Heidi Flores,Friend
NOM000609,ACC000749,Caitlyn Cole,Parent
NOM000610,ACC000581,Marvin Nguyen,Spouse
NOM000611,ACC000674,Randall Rodriguez Jr.,Sibling
NOM000612,ACC000763,Scott Smith,Child
NOM000613,ACC000754,Mary Elliott,Child
NOM000614,ACC000060,Thomas Miller,Friend
NOM000615,ACC000838,Susan Tran,Spouse
NOM000616,ACC000268,Krystal Blackwell,Spouse
NOM000617,ACC000401,Denise Black,Friend
NOM000618,ACC000361,Alyssa Rios,Child
NOM000619,ACC000289,Scott Dodson,Friend
NOM000620,ACC000984,Claudia Armstrong,Friend
NOM000621,ACC000043,Stephanie Velez,Friend
NOM000622,ACC000583,Joshua Mcguire,Sibling
NOM000623,ACC000343,Kevin Webster,Sibling
NOM000624,ACC000532,Craig Stafford,Parent
NOM000625,ACC000295,Mrs. Michelle Rich,Spouse
NOM000626,ACC000654,Cheryl Wright,Sibling
NOM000627,ACC000722,Alice Gregory,Sibling
NOM000628,ACC000096,Keith Sanchez,Friend
NOM000629,ACC000707,Kristen Mejia,Child
NOM000630,ACC000670,Christopher Love,Sibling
NOM000631,ACC000030,Matthew Johnson,Parent
NOM000632,ACC000866,Sheena Rodriguez,Child
NOM000633,ACC000129,Debra Smith,Child
NOM000634,ACC000890,Theresa Foster DDS,Child
NOM000635,ACC000794,David Bennett,Friend
NOM000636,ACC000693,Luis Smith,Sibling
NOM000637,ACC000676,Paul Ross,Friend
NOM000638,ACC000265,Jacqueline Mcbride,Friend
NOM000639,ACC000829,Stephen Cook,Parent
NOM000640,ACC000544,Thomas Gross,Child
NOM000641,ACC000349,William Roberson,Parent
NOM000642,ACC000498,Jeremy Franklin,Sibling
NOM000643,ACC000348,Joe Johnston,Child
NOM000644,ACC000905,Brandon Page,Sibling
NOM000645,ACC000521,Curtis Allen,Parent
NOM000646,ACC000458,Tanya Stevens,Spouse
NOM000647,ACC000243,Ashley Scott,Spouse
NOM000648,ACC000721,Kimberly Benitez,Child
NOM000649,ACC000305,Craig Harrison,Sibling
NOM000650,ACC000913,Joseph Lloyd,Child
NOM000651,ACC000200,Kathleen King,Friend
NOM000652,ACC000618,Jon Roberts,Sibling
NOM000653,ACC000244,Dr. Debra Simpson DVM,Parent
NOM000654,ACC000384,Angel Keller MD,Sibling
NOM000655,ACC000667,Parker Hull,Parent
NOM000656,ACC000212,James Johnson,Sibling
NOM000657,ACC000592,Tracy Bates,Sibling
NOM000658,ACC000493,Michael Smith,Parent
NOM000659,ACC000364,Christina Foster,Sibling
NOM000660,ACC000484,Andrew Evans,Sibling
NOM000661,ACC000552,Robert Garcia,Spouse
NOM000662,ACC000728,Angela Blackwell,Parent
NOM000663,ACC000785,Robert Rose,Parent
NOM000664,ACC000186,Jonathan Hill,Child
NOM000665,ACC000412,Cody Mack,Friend
NOM000666,ACC000066,Aaron Jimenez,Child
NOM000667,ACC000963,Nichole Hobbs,Sibling
NOM000668,ACC000951,Adam Lindsey,Sibling
NOM000669,ACC000963,Ashley Marquez,Friend
NOM000670,ACC000320,Jonathan Walters,Child
NOM000671,ACC000137,Jessica Marquez,Child
NOM000672,ACC000415,Taylor Graham MD,Sibling
NOM000673,ACC000398,Dr. Ana Fletcher,Friend
NOM000674,ACC000158,Melissa Stone,Parent
NOM000675,ACC000880,Peter Perez,Sibling
NOM000676,ACC000021,Lee Ball,Parent
NOM000677,ACC000573,Jamie Bush,Spouse
NOM000678,ACC000292,Jacob Hawkins,Parent
NOM000679,ACC000252,Katie Alexander,Child
NOM000680,ACC000948,Ronald Bailey,Spouse
NOM000681,ACC000506,Willie Sanchez,Parent
NOM000682,ACC000909,Kevin Smith,Friend
NOM000683,ACC000091,Stephanie Cook,Child
NOM000684,ACC000583,Melissa Cook,Parent
NOM000685,ACC000064,Brandon Thomas,Spouse
NOM000686,ACC000979,Jennifer Turner,Spouse
NOM000687,ACC000373,Sara Gonzalez,Child
NOM000688,ACC000629,Elizabeth Montoya,Parent
NOM000689,ACC000925,Lawrence Martinez,Child
NOM000690,ACC000173,Sandy Pineda,Sibling
NOM000691,ACC000365,Donna Lawson,Friend
NOM000692,ACC000392,Christine Wells,Parent
NOM000693,ACC000534,Amy Leon,Parent
NOM000694,ACC000476,Erica Gomez,Spouse
NOM000695,ACC000585,Thomas Campbell,Parent
NOM000696,ACC000929,Abigail Page,Sibling
NOM000697,ACC000756,Amanda Bond,Friend
NOM000698,ACC000431,Tamara Davis,Sibling
NOM000699,ACC000202,Jacqueline Nelson,Parent
NOM000700,ACC000860,Philip Wong,Sibling
NOM000701,ACC000854,Kerri Reynolds,Friend
NOM000702,ACC000319,Scott Wright,Friend
NOM000703,ACC000812,Alex Aguirre,Sibling
NOM000704,ACC000069,Jerome Miller,Child
NOM000705,ACC000830,Steven Haynes,Sibling
NOM000706,ACC000600,Joel Blankenship,Spouse
NOM000707,ACC000476,Matthew Phillips,Child
NOM000708,ACC000088,Alexis Castillo,Sibling
NOM000709,ACC000443,Cassandra Merritt,Sibling
NOM000710,ACC000894,Patrick Reyes,Sibling
NOM000711,ACC000692,Tina Reynolds,Child
NOM000712,ACC000946,Michael Cameron,Parent
NOM000713,ACC000575,Rachel Petty,Spouse
NOM000714,ACC000168,Christie Fernandez,Spouse
NOM000715,ACC000707,Dalton Durham,Spouse
NOM000716,ACC000650,Shaun Wagner,Spouse
NOM000717,ACC000806,Nancy Reynolds,Parent
NOM000718,ACC000399,Emily Freeman,Friend
NOM000719,ACC000233,Michael Jenkins,Child
NOM000720,ACC000908,Lori Neal,Spouse
NOM000721,ACC000932,Eddie Edwards,Child
NOM000722,ACC000010,Jeffery Mckinney,Friend
NOM000723,ACC000816,Nancy Phillips,Sibling
NOM000724,ACC000947,Lisa Smith,Friend
NOM000725,ACC000615,Jeffrey Cochran,Friend
NOM000726,ACC000665,Steven Macdonald,Child
NOM000727,ACC000391,Heidi Wells,Parent
NOM000728,ACC000633,Cynthia Bush,Friend
NOM000729,ACC000434,Christina Andrews,Child
NOM000730,ACC000092,Mary Taylor,Spouse
NOM000731,ACC000176,Michelle Malone,Friend
NOM000732,ACC000703,Karen Morrow,Sibling
NOM000733,ACC000351,Scott Wilson,Child
NOM000734,ACC000972,Daniel Johnson,Parent
NOM000735,ACC000210,Lawrence Smith,Parent
NOM000736,ACC000939,Ruth White,Child
NOM000737,ACC000909,Fernando Church,Child
NOM000738,ACC000291,Patrick Underwood,Parent
NOM000739,ACC000615,Paul Meyer,Sibling
NOM000740,ACC000207,Jessica Orozco,Friend
NOM000741,ACC000855,Debra Stafford,Child
NOM000742,ACC000853,Ronald Smith,Sibling
NOM000743,ACC000687,Mallory Bush,Parent
NOM000744,ACC000925,Carl Hill,Parent
NOM000745,ACC000086,Karina Lambert,Child
NOM000746,ACC000061,Cheyenne Reese,Sibling
NOM000747,ACC000790,Theresa Hunt,Child
NOM000748,ACC000086,Diane Gonzalez,Sibling
NOM000749,ACC000847,Sherri Collins,Sibling
NOM000750,ACC000207,Christopher Torres,Spouse
NOM000751,ACC000819,David Wolf,Friend
NOM000752,ACC000886,Randy Robinson,Sibling
NOM000753,ACC000704,Bryan Ferguson,Sibling
NOM000754,ACC000319,Lauren Ramirez,Friend
NOM000755,ACC000975,Lori Bright,Child
NOM000756,ACC000487,Jeffrey Ray,Sibling
NOM000757,ACC000802,Aaron Lopez,Spouse
NOM000758,ACC000063,Joseph Johnson,Parent
NOM000759,ACC000784,Edward Avery,Child
NOM000760,ACC000273,Stephanie Clark,Spouse
NOM000761,ACC000396,Rebecca Miller,Sibling
NOM000762,ACC000356,Erin Richardson,Friend
NOM000763,ACC000387,Austin Butler,Friend
NOM000764,ACC000576,Steven Malone,Spouse
NOM000765,ACC000714,Renee Montgomery,Child
NOM000766,ACC000878,Mary Lutz,Parent
NOM000767,ACC000101,Daniel Valdez,Spouse
NOM000768,ACC000800,Wendy Hancock,Spouse
NOM000769,ACC000451,Felicia Wong,Friend
NOM000770,ACC000782,Anna Johnson,Child
NOM000771,ACC000940,Elaine Rasmussen,Child
NOM000772,ACC000314,Jared Flores,Child
NOM000773,ACC000075,Dana Harris,Sibling
NOM000774,ACC000858,Frank Zimmerman,Child
NOM000775,ACC000491,Tim Riley,Spouse
NOM000776,ACC000908,Cody Lester,Child
NOM000777,ACC000895,Heather Cummings,Parent
NOM000778,ACC000829,David Marks,Child
NOM000779,ACC000903,Douglas Best,Parent
NOM000780,ACC000005,Kelly Pennington,Spouse
NOM000781,ACC000112,Amanda Gray,Friend
NOM000782,ACC000873,Rebecca Anderson,Friend
NOM000783,ACC000505,Jeremy Lawson,Friend
NOM000784,ACC000462,Rickey Hernandez,Friend
NOM000785,ACC000318,Allison Weaver,Child
NOM000786,ACC000706,Danielle Richardson,Friend
NOM000787,ACC000542,Jonathan Fletcher,Spouse
NOM000788,ACC000713,Julia White,Parent
NOM000789,ACC000758,Jacob Bennett,Parent
NOM000790,ACC000875,Jillian King,Spouse
NOM000791,ACC000743,Roberto Hall,Spouse
NOM000792,ACC000883,George Townsend,Parent
NOM000793,ACC000964,Cassidy Davis,Friend
NOM000794,ACC000562,Jack Cherry,Parent
NOM000795,ACC000464,Monica Saunders,Child
NOM000796,ACC000437,Laurie Keller,Child
NOM000797,ACC000018,Sarah Garcia,Friend
NOM000798,ACC000197,Deborah Thompson,Sibling
NOM000799,ACC000504,George Schwartz,Child
NOM000800,ACC000028,Andrea Massey,Friend
NOM000801,ACC000001,Amanda Hernandez,Sibling
NOM000802,ACC000290,Justin Cox,Parent
NOM000803,ACC000429,Richard Welch,Parent
NOM000804,ACC000822,Julian Ruiz,Sibling
NOM000805,ACC000381,Mario Conway,Sibling
NOM000806,ACC000984,Jay Ramos,Parent
NOM000807,ACC000950,Michael Willis,Child
NOM000808,ACC000493,Christopher Daniels,Spouse
NOM000809,ACC000730,David Burgess,Child
NOM000810,ACC000665,Mr. Brandon Hahn,Sibling
NOM000811,ACC000590,Richard Cochran,Spouse
NOM000812,ACC000896,Shawn Hodges,Child
NOM000813,ACC000784,Matthew Logan,Child
NOM000814,ACC000685,Amy Lewis,Sibling
NOM000815,ACC000477,Kevin Roberts,Friend
NOM000816,ACC000295,Tara Jones,Spouse
NOM000817,ACC000810,David Baldwin,Friend
NOM000818,ACC000666,Meredith Bennett,Friend
NOM000819,ACC000973,Dr. Kari Green,Parent
NOM000820,ACC000383,Brandon Long,Child
NOM000821,ACC000713,Steven Schroeder,Spouse
NOM000822,ACC000598,James Walls,Child
NOM000823,ACC000127,Reginald Craig,Spouse
NOM000824,ACC000569,David Clark,Friend
NOM000825,ACC000011,Ana Pierce,Friend
NOM000826,ACC000134,Michael Johnson,Parent
NOM000827,ACC000244,Matthew Green,Friend
NOM000828,ACC000439,Aimee Rich,Spouse
NOM000829,ACC000432,John Taylor,Parent
NOM000830,ACC000896,Alicia Carroll,Child
NOM000831,ACC000515,Jacob Castaneda,Spouse
NOM000832,ACC000128,Michael Williams,Spouse
NOM000833,ACC000995,Lori Berry,Parent
NOM000834,ACC000999,Matthew Huynh,Parent
NOM000835,ACC000699,Mr. Tyler Martinez,Spouse
NOM000836,ACC000814,Kristi Thomas,Child
NOM000837,ACC000632,Eric Mendez,Child
NOM000838,ACC000824,Adam Saunders,Friend
NOM000839,ACC000537,Catherine Ayala,Friend
NOM000840,ACC000665,Dean Stewart,Parent
NOM000841,ACC000889,Sarah Gray,Child
NOM000842,ACC000771,Alexis Davis,Child
NOM000843,ACC000537,Todd Jones,Child
NOM000844,ACC000757,William Hernandez,Parent
NOM000845,ACC000390,Valerie Walton MD,Sibling
NOM000846,ACC000260,Barbara Powell,Friend
NOM000847,ACC000894,Charles Beard,Spouse
NOM000848,ACC000133,Chad Anderson,Friend
NOM000849,ACC000179,Madison Hernandez,Sibling
NOM000850,ACC000770,Heather Atkinson,Parent
NOM000851,ACC000529,Ms. Kristine Johnson,Friend
NOM000852,ACC000397,Ruben Fleming,Parent
NOM000853,ACC000977,Daniel Decker,Spouse
NOM000854,ACC000983,Sarah Wilson,Friend
NOM000855,ACC000438,Susan Cox,Spouse
NOM000856,ACC000790,Paula Jordan,Friend
NOM000857,ACC000303,Nicholas Acevedo,Friend
NOM000858,ACC000475,Nicholas Hurley,Spouse
NOM000859,ACC000237,Katrina Madden,Child
NOM000860,ACC000667,James Keith,Child
NOM000861,ACC000903,Richard Dawson,Child
NOM000862,ACC000776,Timothy Patel,Child
NOM000863,ACC000008,Diane Robertson,Spouse
NOM000864,ACC000097,Anthony Norman,Spouse
NOM000865,ACC000820,Amanda Anderson,Friend
NOM000866,ACC000786,Carlos Wyatt MD,Child
NOM000867,ACC000875,Maureen Greer,Spouse
NOM000868,ACC000387,David Jones,Friend
NOM000869,ACC000075,Mr. Ronald Nguyen,Sibling
NOM000870,ACC000474,John Smith,Friend
NOM000871,ACC000098,Dorothy Fuller,Parent
NOM000872,ACC000538,James Sanchez,Parent
NOM000873,ACC000013,David Vaughan,Sibling
NOM000874,ACC000696,Christina Jackson,Spouse
NOM000875,ACC000082,Andrew Hayes,Parent
NOM000876,ACC000663,Margaret Rose,Spouse
NOM000877,ACC000078,Keith Jones,Parent
NOM000878,ACC000305,Andrew Medina,Spouse
NOM000879,ACC000183,Jordan Armstrong,Spouse
NOM000880,ACC000861,Cathy White,Friend
NOM000881,ACC000510,Shannon Ferguson,Spouse
NOM000882,ACC000686,Alexandria Cole,Parent
NOM000883,ACC000501,Carolyn Gonzalez,Child
NOM000884,ACC000897,Scott Matthews,Spouse
NOM000885,ACC000970,David Nelson,Friend
NOM000886,ACC000462,Lisa Howell DDS,Spouse
NOM000887,ACC000634,Kathryn Herrera,Spouse
NOM000888,ACC000751,Hunter Russo,Sibling
NOM000889,ACC000620,Michael Carter,Parent
NOM000890,ACC000518,Tamara Mcgee,Parent
NOM000891,ACC000938,Eric Reeves MD,Parent
NOM000892,ACC000325,Diana Williams,Parent
NOM000893,ACC000084,Melissa Ramos,Spouse
NOM000894,ACC000342,Shelly Gomez,Sibling
NOM000895,ACC000162,Adrian Young,Child
NOM000896,ACC000450,Patricia Wong,Sibling
NOM000897,ACC000826,Ms. Pam Richardson,Friend
NOM000898,ACC000228,Melanie Nunez,Child
NOM000899,ACC000763,Sheri Whitaker,Sibling
NOM000900,ACC000975,Alexis Thomas,Sibling
NOM000901,ACC000222,Shelby Bullock,Parent
NOM000902,ACC000980,Christine Leonard,Child
NOM000903,ACC000318,Glenn Dorsey,Parent
NOM000904,ACC000954,Nancy Moore,Friend
NOM000905,ACC000218,Mrs. Penny Mccann,Child
NOM000906,ACC000905,Robin Munoz,Parent
NOM000907,ACC000961,Valerie Garcia,Parent
NOM000908,ACC000652,Patricia Barnett,Spouse
NOM000909,ACC000995,Ashley Powers,Spouse
NOM000910,ACC000232,Charles Young,Friend
NOM000911,ACC000465,Ryan Fisher,Sibling
NOM000912,ACC000260,Kathy Pope,Child
NOM000913,ACC000526,Christopher Patel,Friend
NOM000914,ACC000140,Anna Rivera,Friend
NOM000915,ACC000022,Rita Bradshaw,Friend
NOM000916,ACC000127,Lisa Casey,Friend
NOM000917,ACC000050,Jonathan Welch,Friend
NOM000918,ACC000937,Erin Ward,Child
NOM000919,ACC000318,Eric Barker,Friend
NOM000920,ACC000654,Gina Phelps,Friend
NOM000921,ACC000164,Mary Hayes,Friend
NOM000922,ACC000616,Jacob Klein,Child
NOM000923,ACC000571,Kayla Harris,Parent
NOM000924,ACC000994,Julie Kelly,Spouse
NOM000925,ACC000035,Kerri King,Spouse
NOM000926,ACC000984,Donna Fleming,Friend
NOM000927,ACC000419,Jessica Escobar,Friend
NOM000928,ACC000168,Thomas Thompson,Sibling
NOM000929,ACC000415,Tracy Byrd,Parent
NOM000930,ACC000382,Kathleen Miller,Friend
NOM000931,ACC000536,Sean Roberts,Child
NOM000932,ACC000195,David Griffin,Friend
NOM000933,ACC000385,Joshua Mason,Sibling
NOM000934,ACC000283,Monique Vargas,Friend
NOM000935,ACC000205,Matthew Brown,Parent
NOM000936,ACC000127,Michelle Beard,Parent
NOM000937,ACC000868,Patricia Collins,Friend
NOM000938,ACC000756,Brian Lee,Child
NOM000939,ACC000015,Peter Weber,Child
NOM000940,ACC000734,Nicole Buckley,Friend
NOM000941,ACC000388,Larry Mason,Parent
NOM000942,ACC000211,Kirsten Williams,Spouse
NOM000943,ACC000875,Christine Morris,Parent
NOM000944,ACC000596,Jesse Price,Parent
NOM000945,ACC000353,Alicia Carr,Child
NOM000946,ACC000284,Chelsea Oconnor,Friend
NOM000947,ACC000934,Beth Young,Child
NOM000948,ACC000657,Mallory Hubbard,Spouse
NOM000949,ACC000887,Philip Hunt,Friend
NOM000950,ACC000477,Timothy Thomas,Parent
NOM000951,ACC000625,Fernando Hodge,Child
NOM000952,ACC000043,Michael Mendoza,Child
NOM000953,ACC000344,James Arnold,Sibling
NOM000954,ACC000677,Richard Carlson,Friend
NOM000955,ACC000222,Helen Ballard,Child
NOM000956,ACC000380,Tabitha Randolph,Parent
NOM000957,ACC000722,Julie Taylor,Sibling
NOM000958,ACC000589,James Fisher,Friend
NOM000959,ACC000067,Kimberly Welch,Sibling
NOM000960,ACC000063,Nancy Brown,Spouse
NOM000961,ACC000536,Alyssa Black,Spouse
NOM000962,ACC000712,Kelly Davis,Child
NOM000963,ACC000776,Kimberly Richards,Friend
NOM000964,ACC000798,Hector Guzman,Spouse
NOM000965,ACC000882,Virginia Lee,Friend
NOM000966,ACC000190,Rachael Guerrero,Parent
NOM000967,ACC000786,Brandon Rogers,Spouse
NOM000968,ACC000263,Daniel Wells,Sibling
NOM000969,ACC000272,Susan Guzman,Child
NOM000970,ACC000403,Maxwell Wallace,Spouse
NOM000971,ACC000205,Kimberly Jackson,Spouse
NOM000972,ACC000882,Oscar Goodwin,Friend
NOM000973,ACC000643,Jonathan Cooper,Sibling
NOM000974,ACC000361,Joseph Hill,Sibling
NOM000975,ACC000815,Ashley Crosby,Parent
NOM000976,ACC000680,Thomas Lutz,Child
NOM000977,ACC000144,Robin Crawford,Child
NOM000978,ACC000567,Wendy Guzman,Spouse
NOM000979,ACC000640,Paul Parker,Child
NOM000980,ACC000790,Donald Knight,Sibling
NOM000981,ACC000969,Sara Williams DVM,Parent
NOM000982,ACC000357,Mark Martinez,Parent
NOM000983,ACC000051,Matthew Phillips,Sibling
NOM000984,ACC000922,Christina Clark,Child
NOM000985,ACC000181,Julie Hayes,Friend
NOM000986,ACC000300,Joshua Brown,Child
NOM000987,ACC000949,Christopher Hoffman,Parent
NOM000988,ACC000862,Gina Gardner,Child
NOM000989,ACC000715,Theresa Campbell,Spouse
NOM000990,ACC000595,Eric Howard,Child
NOM000991,ACC000693,Isaiah Mccarthy,Sibling
NOM000992,ACC000268,Alexander Lee,Sibling
NOM000993,ACC000184,Paul Pennington,Parent
NOM000994,ACC000509,Michael Andrade,Sibling
NOM000995,ACC000270,Ashley Marshall,Child
NOM000996,ACC000576,Charles Wallace,Spouse
NOM000997,ACC000578,Sharon Webb,Sibling
NOM000998,ACC000590,Amy Berry,Child
NOM000999,ACC000790,Gabriella Edwards,Sibling
NOM001000,ACC000454,Bonnie Jackson,Parent
