SupplierID,SupplierName,Contact,Address,Phone,Email
SUP0001,Supplier 1,Supplier Contact 1,"635 Industrial Rd, City",+1-211-3580,supplier1@example.com
SUP0002,Supplier 2,Supplier Contact 2,"535 Industrial Rd, City",+1-457-6858,supplier2@example.com
SUP0003,Supplier 3,Supplier Contact 3,"968 Industrial Rd, City",+1-333-2540,supplier3@example.com
SUP0004,Supplier 4,Supplier Contact 4,"736 Industrial Rd, City",+1-142-9334,supplier4@example.com
SUP0005,Supplier 5,Supplier Contact 5,"915 Industrial Rd, City",+1-448-7858,supplier5@example.com
SUP0006,Supplier 6,Supplier Contact 6,"498 Industrial Rd, City",+1-846-1996,supplier6@example.com
SUP0007,Supplier 7,Supplier Contact 7,"414 Industrial Rd, City",+1-130-5876,supplier7@example.com
SUP0008,Supplier 8,Supplier Contact 8,"618 Industrial Rd, City",+1-571-9650,supplier8@example.com
SUP0009,Supplier 9,Supplier Contact 9,"764 Industrial Rd, City",+1-920-4053,supplier9@example.com
SUP0010,Supplier 10,Supplier Contact 10,"700 Industrial Rd, City",+1-513-3158,supplier10@example.com
SUP0011,Supplier 11,Supplier Contact 11,"309 Industrial Rd, City",+1-541-7623,supplier11@example.com
SUP0012,Supplier 12,Supplier Contact 12,"417 Industrial Rd, City",+1-747-3542,supplier12@example.com
SUP0013,Supplier 13,Supplier Contact 13,"914 Industrial Rd, City",+1-539-2597,supplier13@example.com
SUP0014,Supplier 14,Supplier Contact 14,"30 Industrial Rd, City",+1-720-5110,supplier14@example.com
SUP0015,Supplier 15,Supplier Contact 15,"12 Industrial Rd, City",+1-905-9416,supplier15@example.com
SUP0016,Supplier 16,Supplier Contact 16,"430 Industrial Rd, City",+1-380-4808,supplier16@example.com
SUP0017,Supplier 17,Supplier Contact 17,"283 Industrial Rd, City",+1-512-4475,supplier17@example.com
SUP0018,Supplier 18,Supplier Contact 18,"957 Industrial Rd, City",+1-362-2593,supplier18@example.com
SUP0019,Supplier 19,Supplier Contact 19,"819 Industrial Rd, City",+1-333-9742,supplier19@example.com
SUP0020,Supplier 20,Supplier Contact 20,"334 Industrial Rd, City",+1-648-2938,supplier20@example.com
SUP0021,Supplier 21,Supplier Contact 21,"267 Industrial Rd, City",+1-113-4648,supplier21@example.com
SUP0022,Supplier 22,Supplier Contact 22,"506 Industrial Rd, City",+1-688-9929,supplier22@example.com
SUP0023,Supplier 23,Supplier Contact 23,"236 Industrial Rd, City",+1-726-6249,supplier23@example.com
SUP0024,Supplier 24,Supplier Contact 24,"917 Industrial Rd, City",+1-297-8332,supplier24@example.com
SUP0025,Supplier 25,Supplier Contact 25,"65 Industrial Rd, City",+1-631-5023,supplier25@example.com
SUP0026,Supplier 26,Supplier Contact 26,"345 Industrial Rd, City",+1-290-7227,supplier26@example.com
SUP0027,Supplier 27,Supplier Contact 27,"144 Industrial Rd, City",+1-198-6576,supplier27@example.com
SUP0028,Supplier 28,Supplier Contact 28,"301 Industrial Rd, City",+1-420-5960,supplier28@example.com
SUP0029,Supplier 29,Supplier Contact 29,"191 Industrial Rd, City",+1-594-1115,supplier29@example.com
SUP0030,Supplier 30,Supplier Contact 30,"398 Industrial Rd, City",+1-800-7769,supplier30@example.com
SUP0031,Supplier 31,Supplier Contact 31,"894 Industrial Rd, City",+1-263-6475,supplier31@example.com
SUP0032,Supplier 32,Supplier Contact 32,"845 Industrial Rd, City",+1-699-6573,supplier32@example.com
SUP0033,Supplier 33,Supplier Contact 33,"705 Industrial Rd, City",+1-268-3675,supplier33@example.com
SUP0034,Supplier 34,Supplier Contact 34,"359 Industrial Rd, City",+1-914-5012,supplier34@example.com
SUP0035,Supplier 35,Supplier Contact 35,"848 Industrial Rd, City",+1-213-2839,supplier35@example.com
SUP0036,Supplier 36,Supplier Contact 36,"42 Industrial Rd, City",+1-879-7375,supplier36@example.com
SUP0037,Supplier 37,Supplier Contact 37,"274 Industrial Rd, City",+1-328-5334,supplier37@example.com
SUP0038,Supplier 38,Supplier Contact 38,"104 Industrial Rd, City",+1-960-9360,supplier38@example.com
SUP0039,Supplier 39,Supplier Contact 39,"949 Industrial Rd, City",+1-513-8700,supplier39@example.com
SUP0040,Supplier 40,Supplier Contact 40,"232 Industrial Rd, City",+1-901-8265,supplier40@example.com
SUP0041,Supplier 41,Supplier Contact 41,"939 Industrial Rd, City",+1-194-7849,supplier41@example.com
SUP0042,Supplier 42,Supplier Contact 42,"99 Industrial Rd, City",+1-247-2502,supplier42@example.com
SUP0043,Supplier 43,Supplier Contact 43,"269 Industrial Rd, City",+1-161-2476,supplier43@example.com
SUP0044,Supplier 44,Supplier Contact 44,"990 Industrial Rd, City",+1-380-5682,supplier44@example.com
SUP0045,Supplier 45,Supplier Contact 45,"790 Industrial Rd, City",+1-617-5033,supplier45@example.com
SUP0046,Supplier 46,Supplier Contact 46,"97 Industrial Rd, City",+1-403-3081,supplier46@example.com
SUP0047,Supplier 47,Supplier Contact 47,"888 Industrial Rd, City",+1-863-9258,supplier47@example.com
SUP0048,Supplier 48,Supplier Contact 48,"903 Industrial Rd, City",+1-476-5992,supplier48@example.com
SUP0049,Supplier 49,Supplier Contact 49,"341 Industrial Rd, City",+1-172-9478,supplier49@example.com
SUP0050,Supplier 50,Supplier Contact 50,"384 Industrial Rd, City",+1-473-5836,supplier50@example.com
SUP0051,Supplier 51,Supplier Contact 51,"98 Industrial Rd, City",+1-742-6953,supplier51@example.com
SUP0052,Supplier 52,Supplier Contact 52,"601 Industrial Rd, City",+1-741-8924,supplier52@example.com
SUP0053,Supplier 53,Supplier Contact 53,"900 Industrial Rd, City",+1-800-5500,supplier53@example.com
SUP0054,Supplier 54,Supplier Contact 54,"635 Industrial Rd, City",+1-354-3190,supplier54@example.com
SUP0055,Supplier 55,Supplier Contact 55,"13 Industrial Rd, City",+1-259-7909,supplier55@example.com
SUP0056,Supplier 56,Supplier Contact 56,"379 Industrial Rd, City",+1-789-8566,supplier56@example.com
SUP0057,Supplier 57,Supplier Contact 57,"566 Industrial Rd, City",+1-148-9374,supplier57@example.com
SUP0058,Supplier 58,Supplier Contact 58,"24 Industrial Rd, City",+1-316-3276,supplier58@example.com
SUP0059,Supplier 59,Supplier Contact 59,"421 Industrial Rd, City",+1-727-6282,supplier59@example.com
SUP0060,Supplier 60,Supplier Contact 60,"380 Industrial Rd, City",+1-419-7773,supplier60@example.com
SUP0061,Supplier 61,Supplier Contact 61,"489 Industrial Rd, City",+1-617-3564,supplier61@example.com
SUP0062,Supplier 62,Supplier Contact 62,"982 Industrial Rd, City",+1-217-4583,supplier62@example.com
SUP0063,Supplier 63,Supplier Contact 63,"705 Industrial Rd, City",+1-467-9084,supplier63@example.com
SUP0064,Supplier 64,Supplier Contact 64,"419 Industrial Rd, City",+1-572-8408,supplier64@example.com
SUP0065,Supplier 65,Supplier Contact 65,"645 Industrial Rd, City",+1-444-9337,supplier65@example.com
SUP0066,Supplier 66,Supplier Contact 66,"520 Industrial Rd, City",+1-994-1070,supplier66@example.com
SUP0067,Supplier 67,Supplier Contact 67,"690 Industrial Rd, City",+1-946-2184,supplier67@example.com
SUP0068,Supplier 68,Supplier Contact 68,"350 Industrial Rd, City",+1-427-4692,supplier68@example.com
SUP0069,Supplier 69,Supplier Contact 69,"31 Industrial Rd, City",+1-868-7383,supplier69@example.com
SUP0070,Supplier 70,Supplier Contact 70,"71 Industrial Rd, City",+1-154-8109,supplier70@example.com
SUP0071,Supplier 71,Supplier Contact 71,"121 Industrial Rd, City",+1-306-6886,supplier71@example.com
SUP0072,Supplier 72,Supplier Contact 72,"974 Industrial Rd, City",+1-322-3448,supplier72@example.com
SUP0073,Supplier 73,Supplier Contact 73,"787 Industrial Rd, City",+1-496-4036,supplier73@example.com
SUP0074,Supplier 74,Supplier Contact 74,"439 Industrial Rd, City",+1-168-7020,supplier74@example.com
SUP0075,Supplier 75,Supplier Contact 75,"509 Industrial Rd, City",+1-991-7794,supplier75@example.com
SUP0076,Supplier 76,Supplier Contact 76,"658 Industrial Rd, City",+1-160-4785,supplier76@example.com
SUP0077,Supplier 77,Supplier Contact 77,"693 Industrial Rd, City",+1-222-7695,supplier77@example.com
SUP0078,Supplier 78,Supplier Contact 78,"129 Industrial Rd, City",+1-686-1089,supplier78@example.com
SUP0079,Supplier 79,Supplier Contact 79,"456 Industrial Rd, City",+1-409-9537,supplier79@example.com
SUP0080,Supplier 80,Supplier Contact 80,"787 Industrial Rd, City",+1-672-2698,supplier80@example.com
SUP0081,Supplier 81,Supplier Contact 81,"273 Industrial Rd, City",+1-985-5577,supplier81@example.com
SUP0082,Supplier 82,Supplier Contact 82,"37 Industrial Rd, City",+1-840-9405,supplier82@example.com
SUP0083,Supplier 83,Supplier Contact 83,"883 Industrial Rd, City",+1-282-9187,supplier83@example.com
SUP0084,Supplier 84,Supplier Contact 84,"488 Industrial Rd, City",+1-983-3297,supplier84@example.com
SUP0085,Supplier 85,Supplier Contact 85,"962 Industrial Rd, City",+1-802-3550,supplier85@example.com
SUP0086,Supplier 86,Supplier Contact 86,"350 Industrial Rd, City",+1-484-3919,supplier86@example.com
SUP0087,Supplier 87,Supplier Contact 87,"781 Industrial Rd, City",+1-888-7522,supplier87@example.com
SUP0088,Supplier 88,Supplier Contact 88,"98 Industrial Rd, City",+1-288-9295,supplier88@example.com
SUP0089,Supplier 89,Supplier Contact 89,"194 Industrial Rd, City",+1-298-3117,supplier89@example.com
SUP0090,Supplier 90,Supplier Contact 90,"586 Industrial Rd, City",+1-734-3990,supplier90@example.com
SUP0091,Supplier 91,Supplier Contact 91,"775 Industrial Rd, City",+1-445-1550,supplier91@example.com
SUP0092,Supplier 92,Supplier Contact 92,"132 Industrial Rd, City",+1-316-7290,supplier92@example.com
SUP0093,Supplier 93,Supplier Contact 93,"19 Industrial Rd, City",+1-400-5786,supplier93@example.com
SUP0094,Supplier 94,Supplier Contact 94,"858 Industrial Rd, City",+1-155-2417,supplier94@example.com
SUP0095,Supplier 95,Supplier Contact 95,"57 Industrial Rd, City",+1-909-4568,supplier95@example.com
SUP0096,Supplier 96,Supplier Contact 96,"569 Industrial Rd, City",+1-441-8228,supplier96@example.com
SUP0097,Supplier 97,Supplier Contact 97,"993 Industrial Rd, City",+1-811-4235,supplier97@example.com
SUP0098,Supplier 98,Supplier Contact 98,"315 Industrial Rd, City",+1-404-2222,supplier98@example.com
SUP0099,Supplier 99,Supplier Contact 99,"828 Industrial Rd, City",+1-505-9295,supplier99@example.com
SUP0100,Supplier 100,Supplier Contact 100,"537 Industrial Rd, City",+1-206-8868,supplier100@example.com
SUP0101,Supplier 101,Supplier Contact 101,"493 Industrial Rd, City",+1-665-3185,supplier101@example.com
SUP0102,Supplier 102,Supplier Contact 102,"940 Industrial Rd, City",+1-132-2193,supplier102@example.com
SUP0103,Supplier 103,Supplier Contact 103,"867 Industrial Rd, City",+1-274-3146,supplier103@example.com
SUP0104,Supplier 104,Supplier Contact 104,"591 Industrial Rd, City",+1-151-7337,supplier104@example.com
SUP0105,Supplier 105,Supplier Contact 105,"730 Industrial Rd, City",+1-873-1819,supplier105@example.com
SUP0106,Supplier 106,Supplier Contact 106,"702 Industrial Rd, City",+1-777-1864,supplier106@example.com
SUP0107,Supplier 107,Supplier Contact 107,"729 Industrial Rd, City",+1-792-8030,supplier107@example.com
SUP0108,Supplier 108,Supplier Contact 108,"56 Industrial Rd, City",+1-647-4898,supplier108@example.com
SUP0109,Supplier 109,Supplier Contact 109,"452 Industrial Rd, City",+1-889-7201,supplier109@example.com
SUP0110,Supplier 110,Supplier Contact 110,"248 Industrial Rd, City",+1-742-9100,supplier110@example.com
SUP0111,Supplier 111,Supplier Contact 111,"155 Industrial Rd, City",+1-863-4862,supplier111@example.com
SUP0112,Supplier 112,Supplier Contact 112,"38 Industrial Rd, City",+1-967-7862,supplier112@example.com
SUP0113,Supplier 113,Supplier Contact 113,"459 Industrial Rd, City",+1-200-1755,supplier113@example.com
SUP0114,Supplier 114,Supplier Contact 114,"647 Industrial Rd, City",+1-903-8508,supplier114@example.com
SUP0115,Supplier 115,Supplier Contact 115,"97 Industrial Rd, City",+1-589-4145,supplier115@example.com
SUP0116,Supplier 116,Supplier Contact 116,"993 Industrial Rd, City",+1-316-3992,supplier116@example.com
SUP0117,Supplier 117,Supplier Contact 117,"735 Industrial Rd, City",+1-335-7135,supplier117@example.com
SUP0118,Supplier 118,Supplier Contact 118,"383 Industrial Rd, City",+1-943-2189,supplier118@example.com
SUP0119,Supplier 119,Supplier Contact 119,"646 Industrial Rd, City",+1-451-8000,supplier119@example.com
SUP0120,Supplier 120,Supplier Contact 120,"895 Industrial Rd, City",+1-228-5177,supplier120@example.com
SUP0121,Supplier 121,Supplier Contact 121,"624 Industrial Rd, City",+1-312-4053,supplier121@example.com
SUP0122,Supplier 122,Supplier Contact 122,"317 Industrial Rd, City",+1-332-7654,supplier122@example.com
SUP0123,Supplier 123,Supplier Contact 123,"143 Industrial Rd, City",+1-142-2113,supplier123@example.com
SUP0124,Supplier 124,Supplier Contact 124,"149 Industrial Rd, City",+1-967-5609,supplier124@example.com
SUP0125,Supplier 125,Supplier Contact 125,"633 Industrial Rd, City",+1-678-6039,supplier125@example.com
SUP0126,Supplier 126,Supplier Contact 126,"87 Industrial Rd, City",+1-499-5706,supplier126@example.com
SUP0127,Supplier 127,Supplier Contact 127,"828 Industrial Rd, City",+1-995-7468,supplier127@example.com
SUP0128,Supplier 128,Supplier Contact 128,"274 Industrial Rd, City",+1-748-2945,supplier128@example.com
SUP0129,Supplier 129,Supplier Contact 129,"836 Industrial Rd, City",+1-915-5604,supplier129@example.com
SUP0130,Supplier 130,Supplier Contact 130,"674 Industrial Rd, City",+1-396-5113,supplier130@example.com
SUP0131,Supplier 131,Supplier Contact 131,"695 Industrial Rd, City",+1-839-7269,supplier131@example.com
SUP0132,Supplier 132,Supplier Contact 132,"614 Industrial Rd, City",+1-198-1827,supplier132@example.com
SUP0133,Supplier 133,Supplier Contact 133,"324 Industrial Rd, City",+1-197-1093,supplier133@example.com
SUP0134,Supplier 134,Supplier Contact 134,"888 Industrial Rd, City",+1-621-3969,supplier134@example.com
SUP0135,Supplier 135,Supplier Contact 135,"873 Industrial Rd, City",+1-119-2986,supplier135@example.com
SUP0136,Supplier 136,Supplier Contact 136,"199 Industrial Rd, City",+1-974-2688,supplier136@example.com
SUP0137,Supplier 137,Supplier Contact 137,"431 Industrial Rd, City",+1-295-1410,supplier137@example.com
SUP0138,Supplier 138,Supplier Contact 138,"480 Industrial Rd, City",+1-253-9921,supplier138@example.com
SUP0139,Supplier 139,Supplier Contact 139,"650 Industrial Rd, City",+1-433-2638,supplier139@example.com
SUP0140,Supplier 140,Supplier Contact 140,"623 Industrial Rd, City",+1-723-4009,supplier140@example.com
SUP0141,Supplier 141,Supplier Contact 141,"40 Industrial Rd, City",+1-842-2420,supplier141@example.com
SUP0142,Supplier 142,Supplier Contact 142,"36 Industrial Rd, City",+1-567-3231,supplier142@example.com
SUP0143,Supplier 143,Supplier Contact 143,"666 Industrial Rd, City",+1-228-9316,supplier143@example.com
SUP0144,Supplier 144,Supplier Contact 144,"612 Industrial Rd, City",+1-723-3454,supplier144@example.com
SUP0145,Supplier 145,Supplier Contact 145,"366 Industrial Rd, City",+1-820-7354,supplier145@example.com
SUP0146,Supplier 146,Supplier Contact 146,"181 Industrial Rd, City",+1-447-3230,supplier146@example.com
SUP0147,Supplier 147,Supplier Contact 147,"471 Industrial Rd, City",+1-389-1245,supplier147@example.com
SUP0148,Supplier 148,Supplier Contact 148,"926 Industrial Rd, City",+1-288-1925,supplier148@example.com
SUP0149,Supplier 149,Supplier Contact 149,"197 Industrial Rd, City",+1-162-8360,supplier149@example.com
SUP0150,Supplier 150,Supplier Contact 150,"963 Industrial Rd, City",+1-733-4531,supplier150@example.com
SUP0151,Supplier 151,Supplier Contact 151,"730 Industrial Rd, City",+1-276-8016,supplier151@example.com
SUP0152,Supplier 152,Supplier Contact 152,"19 Industrial Rd, City",+1-421-6486,supplier152@example.com
SUP0153,Supplier 153,Supplier Contact 153,"452 Industrial Rd, City",+1-379-3476,supplier153@example.com
SUP0154,Supplier 154,Supplier Contact 154,"787 Industrial Rd, City",+1-212-7965,supplier154@example.com
SUP0155,Supplier 155,Supplier Contact 155,"498 Industrial Rd, City",+1-379-5161,supplier155@example.com
SUP0156,Supplier 156,Supplier Contact 156,"490 Industrial Rd, City",+1-984-2365,supplier156@example.com
SUP0157,Supplier 157,Supplier Contact 157,"515 Industrial Rd, City",+1-197-9708,supplier157@example.com
SUP0158,Supplier 158,Supplier Contact 158,"484 Industrial Rd, City",+1-617-8436,supplier158@example.com
SUP0159,Supplier 159,Supplier Contact 159,"959 Industrial Rd, City",+1-868-3160,supplier159@example.com
SUP0160,Supplier 160,Supplier Contact 160,"29 Industrial Rd, City",+1-618-3447,supplier160@example.com
SUP0161,Supplier 161,Supplier Contact 161,"317 Industrial Rd, City",+1-438-4134,supplier161@example.com
SUP0162,Supplier 162,Supplier Contact 162,"661 Industrial Rd, City",+1-597-3809,supplier162@example.com
SUP0163,Supplier 163,Supplier Contact 163,"626 Industrial Rd, City",+1-979-3390,supplier163@example.com
SUP0164,Supplier 164,Supplier Contact 164,"662 Industrial Rd, City",+1-316-4901,supplier164@example.com
SUP0165,Supplier 165,Supplier Contact 165,"413 Industrial Rd, City",+1-451-8942,supplier165@example.com
SUP0166,Supplier 166,Supplier Contact 166,"821 Industrial Rd, City",+1-665-9300,supplier166@example.com
SUP0167,Supplier 167,Supplier Contact 167,"115 Industrial Rd, City",+1-953-9244,supplier167@example.com
SUP0168,Supplier 168,Supplier Contact 168,"701 Industrial Rd, City",+1-272-2055,supplier168@example.com
SUP0169,Supplier 169,Supplier Contact 169,"32 Industrial Rd, City",+1-591-6266,supplier169@example.com
SUP0170,Supplier 170,Supplier Contact 170,"156 Industrial Rd, City",+1-273-5181,supplier170@example.com
SUP0171,Supplier 171,Supplier Contact 171,"494 Industrial Rd, City",+1-381-8530,supplier171@example.com
SUP0172,Supplier 172,Supplier Contact 172,"791 Industrial Rd, City",+1-497-3471,supplier172@example.com
SUP0173,Supplier 173,Supplier Contact 173,"89 Industrial Rd, City",+1-301-9571,supplier173@example.com
SUP0174,Supplier 174,Supplier Contact 174,"386 Industrial Rd, City",+1-473-9688,supplier174@example.com
SUP0175,Supplier 175,Supplier Contact 175,"263 Industrial Rd, City",+1-486-6068,supplier175@example.com
SUP0176,Supplier 176,Supplier Contact 176,"896 Industrial Rd, City",+1-735-2632,supplier176@example.com
SUP0177,Supplier 177,Supplier Contact 177,"417 Industrial Rd, City",+1-584-6181,supplier177@example.com
SUP0178,Supplier 178,Supplier Contact 178,"409 Industrial Rd, City",+1-648-9766,supplier178@example.com
SUP0179,Supplier 179,Supplier Contact 179,"412 Industrial Rd, City",+1-365-6719,supplier179@example.com
SUP0180,Supplier 180,Supplier Contact 180,"645 Industrial Rd, City",+1-100-1660,supplier180@example.com
SUP0181,Supplier 181,Supplier Contact 181,"550 Industrial Rd, City",+1-127-3145,supplier181@example.com
SUP0182,Supplier 182,Supplier Contact 182,"511 Industrial Rd, City",+1-786-6019,supplier182@example.com
SUP0183,Supplier 183,Supplier Contact 183,"556 Industrial Rd, City",+1-498-7638,supplier183@example.com
SUP0184,Supplier 184,Supplier Contact 184,"661 Industrial Rd, City",+1-809-9499,supplier184@example.com
SUP0185,Supplier 185,Supplier Contact 185,"325 Industrial Rd, City",+1-830-2634,supplier185@example.com
SUP0186,Supplier 186,Supplier Contact 186,"32 Industrial Rd, City",+1-659-4562,supplier186@example.com
SUP0187,Supplier 187,Supplier Contact 187,"197 Industrial Rd, City",+1-439-8457,supplier187@example.com
SUP0188,Supplier 188,Supplier Contact 188,"444 Industrial Rd, City",+1-558-4841,supplier188@example.com
SUP0189,Supplier 189,Supplier Contact 189,"927 Industrial Rd, City",+1-268-1943,supplier189@example.com
SUP0190,Supplier 190,Supplier Contact 190,"358 Industrial Rd, City",+1-491-1309,supplier190@example.com
SUP0191,Supplier 191,Supplier Contact 191,"843 Industrial Rd, City",+1-590-4791,supplier191@example.com
SUP0192,Supplier 192,Supplier Contact 192,"538 Industrial Rd, City",+1-835-7245,supplier192@example.com
SUP0193,Supplier 193,Supplier Contact 193,"948 Industrial Rd, City",+1-150-5317,supplier193@example.com
SUP0194,Supplier 194,Supplier Contact 194,"935 Industrial Rd, City",+1-373-2632,supplier194@example.com
SUP0195,Supplier 195,Supplier Contact 195,"410 Industrial Rd, City",+1-659-4694,supplier195@example.com
SUP0196,Supplier 196,Supplier Contact 196,"721 Industrial Rd, City",+1-130-1676,supplier196@example.com
SUP0197,Supplier 197,Supplier Contact 197,"935 Industrial Rd, City",+1-410-6299,supplier197@example.com
SUP0198,Supplier 198,Supplier Contact 198,"870 Industrial Rd, City",+1-723-3603,supplier198@example.com
SUP0199,Supplier 199,Supplier Contact 199,"818 Industrial Rd, City",+1-946-7898,supplier199@example.com
SUP0200,Supplier 200,Supplier Contact 200,"531 Industrial Rd, City",+1-960-3553,supplier200@example.com
