CustomerID,CustomerName
C001,Dustin Robertson
C002,Victoria Butler
C003,Sandra Johnson
C004,Mackenzie Newman
C005,Melissa Martinez
C006,Larry Leach
C007,George Parker
C008,Emma Goodwin
C009,Tina Phillips
C010,Amanda Lozano
C011,Ernest Dickson
C012,Richard Fox
C013,Jessica Holder
C014,John Clark
C015,Michael Higgins
C016,Michael Thomas
C017,Sherry Powell
C018,Keith Reynolds
C019,Daniel Hernandez
C020,Teresa Stephens
C021,Jesse Butler
C022,Charles Jones
C023,Cassie Turner
C024,Tricia Dillon
C025,Amy Elliott
C026,Thomas Burnett
C027,Mary Jones
C028,Michelle Rose
C029,Alicia Coleman
C030,James Silva
C031,Jim Powell
C032,Kristina Dorsey DVM
C033,Bethany Brennan
C034,Suzanne Cole
C035,Hannah Matthews
C036,Sharon Jackson
C037,Katrina Terry
C038,Amy Alvarez
C039,Megan Martinez
C040,Edward Reeves
C041,Catherine Mcconnell
C042,Angelica Hood
C043,Dustin Thomas
C044,Robin Jones
C045,Michael Stuart
C046,Howard Campbell
C047,Lawrence Stephens
C048,Brett Olsen
C049,Richard Hays
C050,William Mccall
C051,Mary Rodgers
C052,Paul Campbell
C053,Joshua Hill
C054,Danielle Mitchell
C055,Anita Morgan
C056,Linda Thomas
C057,Donald Robinson
C058,Tina Bailey
C059,Robert Good
C060,Eric Brooks
C061,Kimberly Byrd
C062,Kelly Peterson
C063,Miranda Collins
C064,Kayla Medina
C065,Hailey Simmons
C066,Michael Brown
C067,Brandon Richardson
C068,Martin Pacheco
C069,Cheryl Kent
C070,Ryan Ortega
C071,Mary Jackson
C072,Larry Nichols
C073,Crystal Lopez
C074,Laura Young
C075,Juan Larson
C076,Lisa Brown
C077,Christina Wells
C078,Thomas Henson
C079,Elizabeth Dalton
C080,Ronald Rodriguez
C081,Tara Perez
C082,Rhonda Gentry
C083,Kimberly Ball
C084,Leslie Hendrix
C085,Brenda Conner
C086,Carlos Howard
C087,James Rangel
C088,Paul Donovan
C089,Anne Le
C090,Ashley Hall
C091,Brent Carr
C092,Nicole Payne
C093,Benjamin Evans
C094,Mark Wright
C095,Angela Johnson
C096,Erica Mays
C097,Justin Turner
C098,Michelle Young
C099,Madeline Davis
C100,Shannon Peterson
C101,Ashley Wheeler
C102,Tyler Olson
C103,Dominique Chapman
C104,Jill Black
C105,Brittany Jackson
C106,Mackenzie Carpenter
C107,Gina Parrish
C108,Patrick Pratt
C109,James Thomas
C110,Jeremy Johnson
C111,Taylor Noble
C112,Kathleen Johnson
C113,Ian Brown
C114,Jill Cox
C115,Scott Pham
C116,Linda Thompson
C117,Heidi Sanchez
C118,Alexandra Johnson
C119,Ronald Vega
C120,Ashley Black
C121,Christina Atkinson
C122,Katelyn Knight
C123,Timothy Bailey
C124,Justin Avila
C125,Bethany Palmer
C126,Brian Lowery
C127,Natasha Lewis
C128,Amanda Roberts
C129,Jesse Camacho
C130,Mark Kline
C131,Richard Howell
C132,Robert Fernandez
C133,Brandy Lee
C134,Dustin Cochran
C135,Ashley Ortiz
C136,Alison Ross
C137,Tiffany Golden
C138,Jeffrey Davis
C139,Johnny Best
C140,Amy West
C141,Walter Ware
C142,Tammy Carrillo
C143,Katie Williams
C144,Joel Rush
C145,Robin Collins
C146,Jordan Stephens
C147,Sean Smith
C148,Crystal Sanders
C149,Maria Garcia
C150,Michael Newton
C151,Jesse Ferguson
C152,Lisa Pacheco
C153,Michael Frey
C154,Kendra Davis
C155,Sydney Ortiz
C156,Jake Ruiz
C157,Christopher Perry
C158,Nicholas Hopkins
C159,Samantha Aguilar
C160,Nancy Weber
C161,Thomas Gonzalez
C162,Dr. Robert Nelson
C163,Adam Mccarthy
C164,Michelle Rodriguez
C165,Kevin Perry
C166,Brooke Kim
C167,Marcus Nelson
C168,Michelle Saunders
C169,Joseph Ingram
C170,Lisa Shepard
C171,Stephanie Brown
C172,Jordan Estrada
C173,Carlos Mueller
C174,Jennifer Stevenson
C175,Jason Perez
C176,Sean Rangel
C177,Cynthia Ward
C178,Michael Ramirez
C179,Daniel Wiggins
C180,Pamela Gray
C181,Jeremy Villarreal
C182,Deborah Williams
C183,Brenda Smith
C184,Nathan Smith
C185,Christopher Thomas Jr.
C186,Thomas Johnson
C187,Joseph Day
C188,David Reynolds
C189,Jesus Gray
C190,Mary Little
C191,Megan Mullen
C192,Kevin Jones
C193,Debbie Conway
C194,Chloe Wilson
C195,Kenneth Young DVM
C196,Marie Christensen
C197,Michael Roberts
C198,Amy Adams
C199,Roy Rodriguez
C200,Kevin Smith
C201,David Dyer
C202,Nicholas Obrien
C203,Diamond Manning
C204,Diana Payne
C205,Amy Smith
C206,Cole Mcknight
C207,Mary Atkins
C208,Amy Thomas
C209,Michael Ewing
C210,Wendy Huff
C211,Jesse Martinez
C212,Clinton White
C213,John Robbins
C214,Lisa Contreras
C215,Catherine Johnson
C216,Jessica Dean
C217,Robert Russell
C218,Jesse Holland
C219,Suzanne Zhang
C220,Sandra Nguyen
C221,Lisa Jefferson
C222,Melissa Glover
C223,Sarah Morris
C224,Whitney Schroeder
C225,Tyler Meyer
C226,Stacey Bender
C227,George Martin
C228,Jared Washington
C229,Michael Garcia
C230,Mrs. Jessica Barker
C231,Kelly Zimmerman
C232,Kevin Nunez
C233,Mark Greer
C234,Daniel Nunez
C235,Daniel Douglas
C236,Maria Ruiz
C237,Heather Gomez
C238,Michael Anderson
C239,Kelly Garza
C240,Lisa Rosario
C241,Antonio Greene
C242,Derek Barnes
C243,Stephanie Morris
C244,Anthony Walter
C245,Ryan Taylor
C246,Michael Graves
C247,Jennifer Burns
C248,Peter Cook
C249,Nicholas Cooper
C250,Christopher Cole
C251,Joseph Keller
C252,Margaret Jacobs
C253,James Cummings
C254,Kent Anderson
C255,Jacqueline Ramirez
C256,Daniel Kennedy
C257,Lauren Lewis
C258,Thomas Lopez
C259,Adam Huber
C260,Mark Hardy
C261,Julie Mckee
C262,Laura Bryant
C263,Tony Parker
C264,Jessica Russell
C265,Shannon Turner
C266,Monica Gregory
C267,Lindsay Jones
C268,Tiffany Davis
C269,Suzanne Lindsey
C270,Kimberly Hernandez
C271,Curtis Martin
C272,Jason Chavez
C273,Kimberly Fernandez
C274,Julia Frazier
C275,Sarah English
C276,David Jenkins
C277,Brenda Pruitt
C278,Thomas Estrada
C279,Ray Wright
C280,Justin Wallace
C281,Jessica Allen
C282,Peggy Ward
C283,Richard Riddle
C284,Kevin Rodriguez
C285,Carrie Ball
C286,Emma Ellis
C287,Monica Turner
C288,Crystal Gibson
C289,Jessica Lewis
C290,William Hunt
C291,Crystal Keller
C292,Devin Roth
C293,Brent Smith
C294,Kathryn Nash
C295,Jake Gonzales
C296,Erica Flynn
C297,Ernest Walker
C298,Carl Graham
C299,John Gonzales
C300,Sherri Warner
C301,Shane Roberts
C302,Christine Nguyen
C303,Tony Allen
C304,Robert Nelson
C305,Jessica Cain
C306,Michael Cortez
C307,Kevin White
C308,James Scott
C309,Joanna Brown
C310,Edgar Mcdonald
C311,Shaun Jones
C312,Mrs. Ashley Dean
C313,Tonya Brown
C314,Wendy Johnson
C315,Mr. David Willis
C316,James Smith
C317,Louis Nguyen
C318,Jacob Acosta
C319,Amy Barr
C320,Eric Huff
C321,William Rodriguez
C322,Anne Richardson
C323,Shelly Phelps
C324,Michael Rogers
C325,Lauren Mckee
C326,Kelly Bennett
C327,Edwin Wise
C328,Sydney Jackson
C329,Michael Barajas
C330,Patrick Walker DVM
C331,Joseph Smith
C332,Richard Torres
C333,Scott Washington
C334,Rebecca Powers
C335,Stephanie Lucero
C336,Kenneth Gordon
C337,Jonathan Anderson
C338,Erin Roberts
C339,Amanda Smith
C340,Deborah Payne
C341,Lisa Boyd
C342,Karen Mcdaniel
C343,Jessica Davis
C344,Lisa Perez
C345,Amber Jensen
C346,Victoria Schmidt
C347,Kimberly Nichols
C348,Patrick Cannon
C349,Megan Richardson
C350,Andrew Hanson
C351,Chad Chapman PhD
C352,Shannon Brown
C353,Jordan Ochoa
C354,John Peterson
C355,Nicole Harris
C356,Brian Payne
C357,Sara Phillips
C358,Diane Kim
C359,Elizabeth Johnston
C360,Lori Weaver
C361,Erin Norris
C362,Rebecca Hart
C363,Benjamin Campbell
C364,Timothy Pena
C365,Scott Freeman
C366,James Gordon
C367,Daniel Frey
C368,Allen Watkins
C369,Brian Torres
C370,Anthony Miller
C371,Amber Jennings
C372,Kimberly Simmons
C373,Tara Snyder
C374,Jessica Nelson
C375,Joseph James
C376,Mikayla Gonzalez
C377,Frank Ruiz
C378,Amy Gordon
C379,Keith Roman
C380,Samuel Torres
C381,Oscar Baker
C382,Brenda Welch
C383,John Baker
C384,Sheila Rowe
C385,Ryan Mooney
C386,Andrew Rangel
C387,Monique Garner
C388,Jonathan Carroll
C389,Michael Johnson
C390,Sarah Hughes
C391,Sean Duncan
C392,Leonard Adams
C393,Katherine Allen
C394,Alexis Fletcher
C395,Andre Walker
C396,Deborah Watkins
C397,Wendy Garza
C398,Nicholas Wise
C399,Steven Cruz
C400,Vicki Williams
C401,Candice Smith
C402,Henry White
C403,Jeffrey Powell
C404,John Villanueva
C405,Margaret Terry
C406,Elijah Mcclure
C407,Marie Kirk
C408,Angela Weber
C409,John Zamora
C410,Kara Gregory
C411,Scott Mendoza
C412,Megan Johnson
C413,Shelly Rhodes
C414,Kelsey Chavez
C415,Crystal Moody
C416,Lauren Scott
C417,Douglas Patel
C418,Madison Rivera
C419,Anthony Carter
C420,Sharon Diaz
C421,Lori Murphy
C422,John Aguilar
C423,Melinda Olson
C424,Connor Avery
C425,Vincent Harris
C426,David Ryan
C427,Rodney Tate
C428,Julie Steele PhD
C429,Bryan Leon
C430,Bruce Hogan
C431,Matthew Guerra
C432,Roy Wright
C433,Amy Taylor
C434,Joshua Smith
C435,Olivia West
C436,Ann Jenkins
C437,John Martinez DVM
C438,Jasmine Campbell
C439,Angela Daniels
C440,James Johnson
C441,Susan Clark
C442,Tyler Strickland
C443,Laurie Gibbs
C444,Terri Matthews
C445,Alan Bruce
C446,Lisa Williamson
C447,Mark Harrison
C448,Misty Barker
C449,John Cruz
C450,Chad Smith
C451,Brandy Dudley
C452,Ann Martin
C453,Andrew Carr
C454,Jonathon Cooper
C455,Lisa Nelson
C456,Dr. Felicia Oliver
C457,Michelle Dillon
C458,George Stevenson
C459,Caroline Mueller
C460,Stephanie Vargas
C461,James Zuniga
C462,Christopher Watkins
C463,Mary Henderson
C464,Claudia Braun
C465,Haley Robinson
C466,Rachel Lee
C467,Anthony Wade
C468,Richard Phillips
C469,Michelle Gaines
C470,Jason Dixon
C471,Patrick Mccormick
C472,William Johnson
C473,Adam Graham
C474,Michelle Strong
C475,Brandon Perez
C476,Scott Kennedy
C477,Lauren Hamilton
C478,Jonathon Sanchez
C479,David Burns
C480,Nancy Fox
C481,Douglas Davidson
C482,Mitchell Jones
C483,Craig Cline
C484,Maurice Johnson
C485,David Foster
C486,Mitchell Jefferson
C487,Stacy Jones
C488,Sarah Contreras
C489,Ricky Spencer
C490,Justin Fernandez
C491,Michael Edwards
C492,Jennifer Robinson
C493,Nicolas Rivera
C494,Katrina York
C495,Martha Flores
C496,Joshua Harvey
C497,Ronald Brown
C498,Jessica Hill
C499,Sierra Collins
C500,Anne Butler
C501,John Hall
C502,Megan Williams
C503,Lindsay Meyer
C504,Christopher Waller
C505,Katie Ramirez
C506,Craig Chambers
C507,Stephen Taylor
C508,Kevin Travis
C509,David Price
C510,Jordan Walton DDS
C511,Derrick Nelson
C512,David Lee
C513,Jacqueline Richmond
C514,Logan Landry
C515,Christopher Martin
C516,Tammy Day
C517,Jesse Brooks
C518,Larry Walker
C519,Matthew Bowman
C520,Greg Lee
C521,James Avila
C522,Adam Bates
C523,Jennifer Williams
C524,John Brown
C525,Kevin Johnson
C526,Patrick Ortiz
C527,Daniel Frye
C528,Daniel Murphy
C529,Abigail Watson
C530,Cindy Davenport
C531,Marcus Odom
C532,Scott Montoya
C533,Ronald Marks
C534,Brendan Torres
C535,Amanda Taylor
C536,Tracy Villanueva
C537,Michele Jones
C538,Gina Gates
C539,Angel Hickman
C540,Mary Greene
C541,Amanda Mejia
C542,Roger Meyers
C543,Jenna Sutton
C544,John Patterson
C545,Darrell Stevens
C546,Andrew Tucker
C547,Ralph Johnson
C548,Douglas Espinoza
C549,Brenda Williamson
C550,Richard Palmer
C551,Alexis Mclaughlin
C552,Mathew Pierce
C553,Jacob Ellis
C554,Troy Wilson
C555,Kristina Fitzpatrick
C556,Christina Mendez
C557,Jeffrey Crawford
C558,Randy Nichols
C559,Paul Ibarra
C560,John Gardner
C561,Shannon Shelton
C562,Willie Hamilton
C563,Stephen Castillo
C564,Denise Greene
C565,Christine Rosales MD
C566,Rachel Underwood
C567,Mrs. Susan Little MD
C568,Roger Peterson
C569,Matthew Taylor
C570,David Page
C571,Daniel Bowen
C572,Sally Pope DDS
C573,Joshua Holt
C574,Jeffrey Pittman
C575,Zachary Glass
C576,Robert Wolf
C577,Gregory Cruz
C578,John Turner
C579,Jerry Martinez
C580,Shawn Daugherty
C581,Lee Leonard
C582,Eric Williams
C583,Joseph Waller
C584,Amy Brown
C585,Jessica Elliott
C586,Ryan Jones
C587,Dawn Clayton
C588,Gregory Williams
C589,Nicholas Anderson
C590,Jessica Baker
C591,Danielle Carr
C592,Jonathan Gilbert
C593,Michael Chan Jr.
C594,Sarah Nixon
C595,Kimberly Mcgee
C596,Suzanne Cole
C597,Brett Howell
C598,Dr. Roger Harris
C599,Amanda Nelson
C600,Xavier Bailey
C601,Jennifer Scott
C602,James Daniels
C603,Pamela Flores
C604,Jean Nguyen
C605,Jackson Stevens
C606,Lisa Jacobson
C607,John Ortiz
C608,Shane Austin
C609,Christopher Miller
C610,Stephanie Rios
C611,Kaitlyn Robinson
C612,Benjamin Ayala
C613,Chelsey Diaz
C614,Melissa Golden
C615,Rachael Blankenship
C616,Taylor Miller
C617,Robert Evans
C618,Karen Crawford
C619,Monique Thomas
C620,Loretta Schultz
C621,Mary Bell
C622,Gary Mann
C623,Stephanie Black
C624,Katherine Weber
C625,Karen Collins
C626,Austin Jennings
C627,Cassandra Martin
C628,Brandon Garcia
C629,Corey Carter
C630,Samantha Montes
C631,Cassie Wilson
C632,Andrew Johnson
C633,Darlene Tate
C634,Mark Williams
C635,Karen Dougherty
C636,Cole Brown
C637,Diana Maxwell
C638,Alex Johnson
C639,Stephanie Maddox
C640,Ashley Valencia
C641,Rebecca Hogan
C642,Rebecca Carpenter
C643,Allen Ramirez
C644,James Barry
C645,William West
C646,Steven Davenport
C647,Robert Harris
C648,Travis Powers II
C649,Marvin Lee
C650,Jerry Leonard
C651,Zachary Harris
C652,Dalton Maynard
C653,Cheryl Eaton
C654,Laurie Marquez
C655,Deanna Macdonald
C656,Angela Rice
C657,Leslie Berger
C658,Noah Myers
C659,Miss Jessica Bennett DDS
C660,Brian Holmes
C661,Brittany Stevens DDS
C662,Brent Martin
C663,Kelly Preston
C664,Kaitlin Chen
C665,Tony Hawkins
C666,Aaron Dougherty
C667,Jason Cobb
C668,Roger Harris
C669,Pamela Mason
C670,Lori Gentry
C671,Michael Goodwin
C672,Donna Arias
C673,Charles Maldonado
C674,Mr. Jonathan Fuller II
C675,Elizabeth Arnold
C676,Shelby Craig
C677,Patrick Parks
C678,Nicholas Blake
C679,Sandra Carter
C680,Dawn Jensen
C681,Kirk Smith
C682,Leah Thomas
C683,Linda Williams
C684,Alexander Tate
C685,Ashley Wilson
C686,Chelsey Thomas
C687,Michael Wilson
C688,Jessica Robertson
C689,James Rose
C690,Annette Barrett
C691,Steven Hatfield
C692,Jeffrey Anderson
C693,Ryan Frazier
C694,Thomas Savage
C695,Andrea Murray
C696,Joshua Roberts
C697,Cory Dunn
C698,Brian Acevedo
C699,Samuel Johnson
C700,Jason Alexander
C701,James Clements
C702,Louis Stephens
C703,Jeffery Carter
C704,Leslie Williams
C705,Nicholas Phillips
C706,Mark Price
C707,Olivia Taylor
C708,Katherine Smith
C709,Margaret Wilson
C710,Timothy Smith
C711,Matthew Saunders
C712,Kimberly Maxwell
C713,Cynthia Mack
C714,Alexandra White
C715,Ashley Patterson DVM
C716,Dillon Pennington
C717,Breanna Bailey
C718,Michelle Smith
C719,Sheryl Harmon
C720,Scott Walker
C721,Cory Pena
C722,Andrea Campbell
C723,Jason Bradshaw
C724,Michelle Schwartz
C725,Michael Contreras
C726,Paul Campbell
C727,Mark Jenkins
C728,Devin Melendez
C729,Stephanie Baker
C730,Jacob Yoder
C731,Laura Lane
C732,Andrew Rivera
C733,Rebecca Jenkins
C734,Ashley Wallace MD
C735,Caitlin Reeves
C736,Laura Hess
C737,Kenneth Hall Jr.
C738,Chad Barry
C739,Cameron Hernandez
C740,Grace Day
C741,Rebecca Ellis
C742,Jason Martin
C743,Michael Burke
C744,Richard Shah
C745,Jason Cain
C746,Rachel Espinoza
C747,Jack Jordan
C748,Joseph Richardson
C749,Jeffrey Cross
C750,Timothy Zuniga
C751,Melissa Lane
C752,Amanda Hester MD
C753,Todd Rodriguez
C754,Eric Dickerson Jr.
C755,Yvonne Sims
C756,Dawn Ballard
C757,Tim Guzman
C758,Amanda Holder
C759,Eric Marshall
C760,Daniel Pace
C761,Tammy English
C762,Carlos Bean
C763,Lisa Johnson
C764,Kaitlyn Clarke
C765,Michael Lee
C766,Brittney Lynch
C767,Amanda Gilbert
C768,Michael Woods
C769,Willie Brown
C770,Max Hogan
C771,David Moore
C772,Ralph Reilly
C773,Robert Morris
C774,April Arnold
C775,Lauren Brown
C776,James Bates
C777,Betty Willis
C778,Thomas Hall
C779,Zachary Richardson
C780,Peter Kim
C781,Randall Gibson
C782,Taylor Gallagher
C783,John Spears
C784,John Orr
C785,Emma Zimmerman
C786,Jeffrey Thomas
C787,Kelly Jones
C788,Nathaniel Smith
C789,Edward Park
C790,David Gross
C791,Gregory Harrison
C792,Wendy Barron
C793,David Page
C794,Tiffany Bolton
C795,Lauren Taylor
C796,Richard Cantrell
C797,James Bass
C798,Taylor Anderson
C799,Bryan Schultz
C800,Greg Logan
C801,David Brooks
C802,Melody Brown
C803,Lauren Ford
C804,Paul Whitehead
C805,Jesus Ortiz
C806,Jade Lewis
C807,Laura Martin
C808,Susan Swanson
C809,Richard Scott
C810,Alex May
C811,Anthony Rodriguez
C812,Elizabeth Shaw
C813,Jennifer Johnson
C814,Brian Hernandez
C815,Ronald Garner
C816,Tammy Shah
C817,Scott Flowers
C818,Michael Clarke
C819,Kim Rivera
C820,Melinda Brock
C821,Crystal Williams
C822,Philip Mason
C823,Jennifer Hall
C824,John Smith
C825,Craig Garcia
C826,Amber Stevenson
C827,Angela Tucker
C828,John Terry
C829,Steven Padilla
C830,Aaron Thomas
C831,Dean Roach
C832,Nicole Lopez
C833,Steven Young
C834,Carla Robertson
C835,Bruce Brown
C836,Angel Maldonado
C837,Duane Page
C838,Nicolas Mitchell
C839,Jessica Davenport
C840,Michael Carter
C841,Patricia Parker
C842,Dr. Mark Hernandez
C843,Stephanie Park
C844,John Martin
C845,Eric Bennett
C846,Virginia Murphy
C847,Lawrence Reeves
C848,Cynthia Harvey
C849,Patricia Hill
C850,Gwendolyn Vance
C851,Jacob Lee
C852,Edward Campbell
C853,Patricia Haas
C854,Joshua Hoover
C855,Philip Smith
C856,Marie Ross
C857,Kathleen Pierce
C858,Allison Madden
C859,Daniel Ritter
C860,Andrea Byrd
C861,Linda Lam
C862,Adam Freeman
C863,Charles Cooke
C864,Rachel Eaton
C865,Kevin Reed
C866,Kara Stephens
C867,Joshua Hatfield
C868,Robert Vance
C869,Stephanie Jones
C870,Jerry Barry
C871,Lisa Bauer
C872,Tyler Rosales
C873,Jonathan Green
C874,Thomas Mendoza
C875,Brent Aguirre
C876,Jessica Andrews
C877,Robert Collins
C878,George Carlson PhD
C879,Cristian Wells
C880,Jeffrey Combs
C881,Jessica Smith
C882,Julie Wolfe
C883,Stephanie Li
C884,Mason Gonzalez
C885,Jeremiah Garcia
C886,Christina Johnson
C887,Ms. Laura Richardson
C888,Lisa Yates
C889,Tracy Boyle
C890,Kathryn Melton
C891,Sara Cook
C892,Melissa Campbell
C893,Andrea Thompson
C894,Jeffrey Stevenson
C895,Shelby Lang
C896,Oscar Cook
C897,Jared Hines
C898,Christine Richardson
C899,Lisa Hall
C900,Samuel Brown
C901,Morgan Ayers
C902,Dana Mcdonald
C903,Aaron Wade
C904,Ethan Gallegos
C905,Lisa Mcknight
C906,Joel Williams
C907,Dr. Paula Velazquez
C908,Matthew Phillips
C909,Robert King
C910,Andrea Willis
C911,Pamela Morgan
C912,Jesse Stephens
C913,Christopher Sanders
C914,Kimberly Anderson
C915,Samantha Rivera
C916,Diamond Lane
C917,Kelly Jensen
C918,John Mckinney
C919,Tammy Weiss
C920,Luke Molina
C921,James Melendez
C922,Jane Heath
C923,Amanda Cisneros
C924,Samantha Miranda
C925,James Lee
C926,Stacy Holmes
C927,Holly Hudson
C928,Michele Johnson
C929,Barbara Greene
C930,Brandon Hughes
C931,Susan Singleton
C932,Louis Fowler
C933,Sara Murillo
C934,Mark Miller
C935,Olivia Perkins MD
C936,James Salinas
C937,Ryan Turner
C938,Nathaniel Dean
C939,Ian Wise
C940,Meghan Wiley
C941,Jennifer Burton
C942,Jennifer Walker
C943,Christina Richardson
C944,Emily Nguyen
C945,Laurie Mann
C946,Ashley Davies
C947,Carrie Jones
C948,Christopher Thompson
C949,Tony Neal
C950,Christina Palmer
C951,Darius Kelly
C952,Amber Dorsey
C953,Stephen Velazquez
C954,Mark Koch
C955,Brittany Smith
C956,Scott Monroe
C957,Jamie Carter
C958,Shawna Gray
C959,Dr. Robert Cruz
C960,Denise Obrien
C961,Jill Padilla
C962,Allen Hayes
C963,Thomas Dougherty
C964,Todd Brown
C965,Andrew Park
C966,Nancy Lang
C967,Catherine Skinner
C968,Douglas Ferguson
C969,David Dunn
C970,Donald Santos
C971,Jay Rodriguez
C972,Dr. William Moran
C973,Frederick Kelly
C974,Daniel Branch
C975,Nina Torres
C976,Troy Martin
C977,Mr. Dan Elliott
C978,Heather Abbott
C979,Melanie Smith
C980,David Burke
C981,Christian Wolf Jr.
C982,Rhonda Atkinson
C983,David Thomas
C984,Mary Cox
C985,Timothy Dixon
C986,Catherine Chavez
C987,Christine Wallace
C988,Kevin Kim
C989,Aaron Williams
C990,Kimberly Phillips
C991,Michael Lopez
C992,Brian Dunn
C993,Samuel Lutz
C994,Laura Cox
C995,Mr. Christopher Hall
C996,Martha Newman
C997,Jessica Todd
C998,Joanne Anderson
C999,Mary Wyatt
C1000,Linda Williams
C1001,Abigail Powell
C1002,Nicole Sanford
C1003,Andrew Adams
C1004,Joshua Garcia
C1005,Tanner Ramirez
C1006,Scott Crawford
C1007,Brandon Johnson
C1008,Laurie Morgan
C1009,Carmen Turner
C1010,Elizabeth Guzman DDS
C1011,Curtis Bryant
C1012,Kimberly Scott
C1013,Michael Fletcher
C1014,Robert Castillo
C1015,John House
C1016,Kenneth Cooper
C1017,Chad Reyes
C1018,Kathleen Doyle
C1019,Raymond Bernard
C1020,Jamie Brown
C1021,Kelli Brown
C1022,Adam Novak
C1023,Tina Parks
C1024,Glen York
C1025,Steven Santana
C1026,Raymond Edwards
C1027,Brooke Sanchez
C1028,Dr. Charles Romero
C1029,Matthew Wells
C1030,Anthony Hansen
C1031,April Clark
C1032,Robert Navarro
C1033,Mrs. Laura Hammond
C1034,Manuel Jennings
C1035,Shannon Bryan
C1036,Paul Elliott
C1037,Kimberly Gonzalez
C1038,Joshua Hill MD
C1039,Kathy Vasquez
C1040,Javier Miller
C1041,Eugene Mendoza
C1042,Melissa Clarke
C1043,Ryan Hobbs
C1044,Jermaine Flores
C1045,Monica Hansen
C1046,Kayla Carter
C1047,Brian Curtis
C1048,Crystal Hernandez
C1049,Nicholas Herrera
C1050,Steven Washington
C1051,Tyler Calhoun
C1052,Matthew Hoffman
C1053,Dana Robinson
C1054,Latoya Collier
C1055,Valerie Carpenter
C1056,Ashley Berry
C1057,Michael Simmons
C1058,Jennifer Holt
C1059,Karen Cannon
C1060,Monica Butler
C1061,Dwayne Gross
C1062,Jose King
C1063,Kimberly Lee
C1064,Autumn Holmes
C1065,David Rodriguez
C1066,Alicia Hart
C1067,Loretta Whitehead
C1068,Marcus Jackson
C1069,Jacqueline Powers
C1070,Jessica Jones
C1071,Diana Perry
C1072,Lauren Bennett
C1073,Patricia Smith
C1074,Anthony Smith
C1075,Emily Olson
C1076,Crystal White MD
C1077,Keith Turner
C1078,Tamara Morrison
C1079,Margaret Paul
C1080,Mrs. Ashley Floyd
C1081,Julia Mcguire
C1082,Jacqueline Simmons
C1083,Michael Ellis
C1084,Kristina Ryan
C1085,Joseph Jones
C1086,Susan Paul
C1087,Michelle Carter
C1088,Kerri Matthews
C1089,Vanessa Ward
C1090,Zachary Ward
C1091,Brian Lane
C1092,Tina Rogers
C1093,Holly Edwards
C1094,Robert Hernandez
C1095,Rhonda Lynch
C1096,Amber Combs
C1097,Michael Hendricks
C1098,John Anderson
C1099,David Henderson
C1100,Kelly Kerr
C1101,Amanda Harrell
C1102,Christine Spencer
C1103,Patricia Jackson
C1104,James Brown
C1105,Christine Johnson
C1106,Ian Dickerson
C1107,Ann Barker
C1108,Michael Webb
C1109,Jessica Shepherd
C1110,Kayla Spencer
C1111,Melissa Torres
C1112,Andrew Martinez
C1113,Anna Mitchell
C1114,Isaac Smith
C1115,Travis Harding
C1116,Brad Martinez
C1117,Heather Duncan
C1118,Larry Nelson
C1119,Christina Johns
C1120,Max Cain
C1121,William Forbes
C1122,Michael Edwards
C1123,Michael Galvan Jr.
C1124,Christopher Smith
C1125,Katrina Shannon
C1126,Mr. Brandon Torres DDS
C1127,Ryan Lee
C1128,Joan Patterson
C1129,Robert Mcdowell
C1130,Amanda Wells
C1131,Richard Rollins
C1132,Anthony Horton
C1133,Dalton Burke
C1134,John Carter
C1135,Cynthia Sanders
C1136,Chase Deleon
C1137,Christopher Allen
C1138,Erica Smith
C1139,Lori Smith
C1140,Kyle Knight
C1141,Spencer Deleon
C1142,Darrell Juarez
C1143,Latoya Davidson
C1144,John Rangel
C1145,Samantha Hatfield
C1146,Sara Miller DDS
C1147,Logan White
C1148,Megan Cox
C1149,Brittany Vasquez
C1150,Matthew Guzman
C1151,Penny Kirby
C1152,Melissa Mcmillan
C1153,Cheryl Lowe
C1154,Wendy Wilson
C1155,Mrs. Kathleen Floyd DDS
C1156,Sierra Aguilar
C1157,Karen Wilson
C1158,Kaylee Henderson
C1159,Mitchell Hoffman
C1160,Alexis Skinner
C1161,Dr. Heidi Parsons MD
C1162,Kathryn Olson
C1163,Cheyenne Crawford
C1164,Ruben Turner
C1165,Sergio Morrison MD
C1166,Allen Wade
C1167,Anthony Diaz
C1168,David Cain MD
C1169,Wesley Williams
C1170,Ricky Reynolds
C1171,Karen Mason
C1172,Michelle Frye
C1173,Ashley Simpson
C1174,Zachary Mcclain
C1175,Angela Graham
C1176,Pamela Fox
C1177,Timothy Cervantes
C1178,Wendy Watson
C1179,Gavin Holland
C1180,Paul Jones
C1181,Daniel Perry
C1182,Jessica Mcguire
C1183,Joshua Mcguire
C1184,Frank Clark
C1185,Mark Lee
C1186,Christy Griffith
C1187,Tonya Lopez
C1188,Tracy Brown
C1189,Mark Taylor
C1190,Lisa Ramirez
C1191,Madison Hall
C1192,Kyle Jensen
C1193,Anthony Alexander
C1194,Elizabeth Hinton
C1195,Christina Holmes
C1196,Heather Lee
C1197,Susan Goodman
C1198,Elijah Grimes
C1199,Cesar Gardner
C1200,Tanya Thomas
