SupplierID,SupplierName
S001,"Herrera, Potter and Elliott"
S002,Faulkner Group
S003,Smith PLC
S004,Roman LLC
S005,"Anderson, Jones and Anderson"
S006,"Hill, Stevenson and Thompson"
S007,Johnson LLC
S008,Parks Group
S009,Brooks-James
S010,"Hill, Bird and Collins"
S011,"Aguirre, Alvarez and Campbell"
S012,Eaton PLC
S013,Harvey-Williams
S014,"Garrison, Torres and Terry"
S015,Wilson-Guerra
S016,Montoya-Miranda
S017,"Tran, Raymond and Smith"
S018,"Lester, Wright and Williams"
S019,Hernandez-Leonard
S020,"Rosario, Watts and Maldonado"
S021,Harris-Cohen
S022,Williams and Sons
S023,Jones-Farley
S024,Campbell-Walker
S025,Pitts Inc
S026,Thomas Group
S027,"Boyd, Vazquez and Mason"
S028,"Lane, Williams and Jones"
S029,"Chandler, Khan and Krause"
S030,Williams LLC
S031,"Keith, Flowers and Alexander"
S032,Obrien and Sons
S033,Tanner and Sons
S034,"Pittman, Stone and Fry"
S035,Mann Ltd
S036,Martin-Lopez
S037,"Henderson, Lawson and Gomez"
S038,Rhodes Ltd
S039,Martinez-Rocha
S040,Martin-Lewis
S041,Rich-Bush
S042,"Morgan, James and Bowman"
S043,Castillo Inc
S044,"Lewis, Little and Coleman"
S045,Caldwell-Foster
S046,"Long, Jordan and Hughes"
S047,Harris PLC
S048,Cain-Wright
S049,Rodriguez-Mcneil
S050,"Morales, Ball and Hernandez"
S051,"Patel, Frazier and Miller"
S052,Bradley-Jenkins
S053,Whitney PLC
S054,"Franco, Maldonado and Brock"
S055,"Gallegos, Ward and Edwards"
S056,Rosales-Ruiz
S057,"Jennings, Fowler and Nelson"
S058,Meyer Inc
S059,Davila Inc
S060,"Alexander, Kelley and Davis"
S061,Sweeney Inc
S062,Garcia-Arnold
S063,"Palmer, Simmons and Walls"
S064,Joseph-Watson
S065,"Monroe, Mcclain and Greer"
S066,"Lee, Martinez and Mccoy"
S067,Cole-Herman
S068,"Stephens, Jenkins and Sherman"
S069,"Gomez, Yang and Matthews"
S070,Wise Inc
S071,Washington Inc
S072,"Hernandez, Ortiz and Conner"
S073,Lewis-Watkins
S074,Arnold PLC
S075,Williams Group
S076,Williams and Sons
S077,Robertson-Ingram
S078,Ramos Ltd
S079,"Smith, Kennedy and Whitaker"
S080,Armstrong and Sons
S081,Higgins Ltd
S082,"Kline, Mendez and Todd"
S083,"Barker, Martin and Huerta"
S084,"Davidson, Joseph and Carroll"
S085,Edwards and Sons
S086,Jensen-Warren
S087,Jones-Williams
S088,"Lopez, Robertson and Hall"
S089,Hale Ltd
S090,White LLC
S091,"Austin, Wood and Martin"
S092,"Cook, Gibson and Nelson"
S093,Armstrong PLC
S094,"Howard, Romero and Brown"
S095,Travis Group
S096,Stanley LLC
S097,Bradshaw-Lewis
S098,Jones Group
S099,Jimenez-Thompson
S100,"Lam, Allen and Long"
S101,Mendoza Ltd
S102,Raymond-Blake
S103,Thomas-Rodriguez
S104,"Spencer, Phillips and Hayes"
S105,Sanchez-Rollins
S106,Johnson-Moore
S107,Leblanc-Parker
S108,Williams Group
S109,Miller-Villegas
S110,Lewis-Diaz
S111,Mcdonald PLC
S112,"Krause, Nelson and Maddox"
S113,Lam-Kelly
S114,Johnson Inc
S115,"Hunter, King and Quinn"
S116,Morgan PLC
S117,"Ruiz, Kennedy and Kemp"
S118,"Jones, Gross and Sosa"
S119,Daniels Ltd
S120,Brown-Johnson
S121,Hall-Shields
S122,Lambert and Sons
S123,Mcintosh LLC
S124,Bonilla Group
S125,"Sparks, Miller and Ramirez"
S126,Klein-Archer
S127,James-Woods
S128,Robinson-Ramirez
S129,Diaz-Boyle
S130,Fernandez LLC
S131,Young LLC
S132,Phillips Inc
S133,Hamilton-Herrera
S134,Murphy PLC
S135,Singh Group
S136,"Johnson, Sanchez and Lindsey"
S137,Riddle-Vincent
S138,Richmond Inc
S139,"Donovan, York and Hobbs"
S140,Greene LLC
S141,"Summers, Collier and Williamson"
S142,"Lawrence, Davis and Evans"
S143,"Mckay, Guzman and Stephens"
S144,Ward Group
S145,Wilson PLC
S146,"Moyer, Smith and Lewis"
S147,Cunningham-Martin
S148,Mays Ltd
S149,Murphy LLC
S150,Schultz Ltd
S151,Davis-Wright
S152,Diaz Group
S153,Swanson Ltd
S154,"Jones, Jones and Stuart"
S155,"Garrett, Wood and Brown"
S156,"Moore, Johnson and Edwards"
S157,Jones and Sons
S158,Quinn-Brown
S159,Bates PLC
S160,Jacobs-Foster
S161,Kim-Guerrero
S162,Harris LLC
S163,Myers Ltd
S164,"Cantu, Medina and Paul"
S165,Pratt-Cox
S166,Santiago Ltd
S167,Scott-Rose
S168,"Lane, Branch and Dodson"
S169,Berry LLC
S170,Guzman Group
S171,Garrison and Sons
S172,Williams-Hill
S173,Johnson-Morales
S174,Byrd-Nelson
S175,"Fischer, Wagner and Jimenez"
S176,"Myers, Donaldson and Estrada"
S177,Doyle-Peters
S178,"Arnold, Jackson and Hawkins"
S179,Henry Ltd
S180,Bell-White
S181,Mccann-Snow
S182,Cox-Castillo
S183,"Wallace, Rodriguez and Jackson"
S184,"Lewis, Peters and Owens"
S185,"Jones, Ellison and Stokes"
S186,Bennett PLC
S187,Cook-Freeman
S188,Dunlap-Moore
S189,"Rios, Friedman and Ford"
S190,"Schneider, Moore and Calhoun"
S191,"Scott, Simon and Berger"
S192,Waters Group
S193,Taylor-Morgan
S194,Bailey Ltd
S195,Villegas and Sons
S196,"Lane, Harvey and Jones"
S197,Carter-Gonzalez
S198,Rodriguez-Cole
S199,"Schwartz, Wilson and Holland"
S200,Robertson-White
S201,Harvey-Rodriguez
S202,Brown-Calderon
S203,"Smith, Thomas and Campbell"
S204,Williams-Costa
S205,"Weber, Lopez and Stewart"
S206,Rodriguez-Turner
S207,"Kaufman, Crane and Gibbs"
S208,Mercado Group
S209,"Davenport, Vaughn and Hicks"
S210,Williams and Sons
S211,Stephens PLC
S212,Cooper Inc
S213,Reed-Gibbs
S214,"Black, Murphy and Mccoy"
S215,Vasquez-Tyler
S216,Moore-Clark
S217,Moreno-Smith
S218,"Gross, Wood and Meza"
S219,"Miranda, Morgan and Alvarez"
S220,Martinez Inc
S221,"Burns, Dunn and Chandler"
S222,Gonzalez-Harvey
S223,Hart Inc
S224,Mendoza Inc
S225,King-Leonard
S226,Lambert-Farrell
S227,Cooper-Smith
S228,"Trevino, Walsh and Chavez"
S229,"Daniels, Smith and Murphy"
S230,Richardson PLC
S231,"Johnson, Romero and Robinson"
S232,Powers Inc
S233,"Garrett, Jordan and Torres"
S234,Barnett and Sons
S235,Daniels Group
S236,Hampton Group
S237,Boone-Mcdonald
S238,"Santos, Watts and Garcia"
S239,Fisher-Swanson
S240,"Walter, Callahan and Brown"
S241,Cox-Wilson
S242,"Taylor, Greene and Barber"
S243,Harper-Mclaughlin
S244,Jones Inc
S245,"Lucas, Lucas and Johnson"
S246,"Jackson, Mejia and Chavez"
S247,"Swanson, Chavez and Craig"
S248,Keller-Hansen
S249,Pearson-Brown
S250,"Bates, Ward and Mcdonald"
S251,Perez-Craig
S252,Williams Inc
S253,Taylor-Lee
S254,Bush-Johnson
S255,"Paul, Anderson and Rodgers"
S256,Petty Ltd
S257,Kent-Lee
S258,"Rhodes, Vaughn and Bishop"
S259,"Massey, Boone and Foster"
S260,Martin Inc
S261,"Gibson, Hughes and Hansen"
S262,"Sweeney, Peters and Young"
S263,Williams-Neal
S264,Sullivan-Greene
S265,"Miller, Schmidt and Mooney"
S266,Moss Group
S267,Smith-Rivas
S268,"Price, Ramirez and Anderson"
S269,Jackson PLC
S270,Taylor and Sons
S271,Mullins LLC
S272,Orozco-Pierce
S273,Sparks Inc
S274,Campbell-Blair
S275,Martinez and Sons
S276,Walker-Whitney
S277,"Chavez, Spencer and Arroyo"
S278,Rodriguez PLC
S279,"Neal, Lyons and Martinez"
S280,Wright-Powell
S281,"White, Wade and Castaneda"
S282,Wilson Group
S283,Mckinney-Anderson
S284,"Jones, Bates and Finley"
S285,"Gutierrez, Adkins and Terrell"
S286,"Simmons, Higgins and Pace"
S287,Gray-Little
S288,Sellers-Ferguson
S289,Cannon-Ramirez
S290,Smith Ltd
S291,Reed-Gardner
S292,Mclaughlin-Gaines
S293,Wright Group
S294,Garcia-Mullen
S295,Rojas Inc
S296,"Odom, White and Price"
S297,Garcia-Mccarthy
S298,"Hoffman, Cook and White"
S299,"Nichols, Bullock and Schultz"
S300,Zavala LLC
S301,"Williams, Wyatt and Crane"
S302,"Franklin, Bates and Campbell"
S303,Wise Group
S304,"Dunn, Cochran and Wood"
S305,Collins Inc
S306,Estrada-Roberts
S307,"Ryan, Martin and Sloan"
S308,Duke Inc
S309,Jones and Sons
S310,Sanders LLC
S311,Roy LLC
S312,"Schaefer, Sullivan and Rodgers"
S313,Hall-Hill
S314,Davis PLC
S315,Saunders-Lewis
S316,"Velasquez, Hammond and Evans"
S317,"Chen, Williams and Green"
S318,"Lee, Maxwell and Moore"
S319,Weiss-Garcia
S320,Smith Ltd
S321,Arias-Haas
S322,Phelps Ltd
S323,Flynn Ltd
S324,Barnes Ltd
S325,"Chapman, Bowen and Lucas"
S326,"Hunter, Hammond and Shannon"
S327,"Hammond, Ward and Smith"
S328,Adams PLC
S329,Nelson PLC
S330,"Hill, Berry and Leblanc"
S331,"Henry, Armstrong and White"
S332,Diaz Group
S333,"Wilson, Bailey and Vasquez"
S334,Gomez and Sons
S335,Sanchez Inc
S336,"Bowman, Montoya and Myers"
S337,Wood LLC
S338,Cannon PLC
S339,Espinoza Ltd
S340,"Spencer, Vasquez and Long"
S341,Jones Group
S342,Wells-Pollard
S343,Bailey and Sons
S344,"Miller, Hernandez and Wolfe"
S345,Lee-Vance
S346,"Davidson, Ray and Williams"
S347,Miller-Salazar
S348,"Williams, Barnett and Oneal"
S349,Allen-Wood
S350,Weaver-Miller
S351,"Price, Hendrix and Barton"
S352,Jones Inc
S353,"Vasquez, Lara and Roberts"
S354,Hurst-Lopez
S355,Burns-Carrillo
S356,Phillips-Parker
S357,Villegas Inc
S358,Hunter-Holland
S359,"Turner, Parks and Evans"
S360,"Scott, Garcia and Galvan"
S361,Graves LLC
S362,Walton Group
S363,"Graves, Gonzalez and Thompson"
S364,Schultz-Williams
S365,"Carlson, Murphy and Romero"
S366,"White, Edwards and Moreno"
S367,Thomas-Alvarez
S368,"Liu, Hobbs and Contreras"
S369,Glenn-Faulkner
S370,Melendez-Reeves
S371,"Williamson, Barber and Jones"
S372,"Klein, Sanchez and White"
S373,"Rollins, Hogan and Hahn"
S374,Gates LLC
S375,"Riley, Lucas and Mason"
S376,Leonard-Green
S377,Leon-Freeman
S378,Palmer-Rodriguez
S379,Schultz PLC
S380,Evans PLC
S381,"Graham, Smith and Powell"
S382,Paul-Thomas
S383,"Rodriguez, Stevenson and Patton"
S384,Vasquez-Beasley
S385,Hernandez-Shelton
S386,Williams-Reid
S387,Chen-Davis
S388,Cook-Snow
S389,Gonzalez-Evans
S390,Craig-Mcdonald
S391,"Brown, Roberson and Thomas"
S392,Jones-Pollard
S393,Austin-Randall
S394,Flores-Mercado
S395,Miller-Mitchell
S396,Wallace Ltd
S397,Rose PLC
S398,Barnes-Anthony
S399,"Alexander, Chandler and Cole"
S400,"Cummings, Leblanc and Greene"
S401,Myers Ltd
S402,"Evans, Morris and Davis"
S403,"Willis, Valdez and Perkins"
S404,Johnson-Hill
S405,Mcpherson and Sons
S406,Walls-Cook
S407,"Fields, King and Doyle"
S408,Williamson Group
S409,"Dunn, Mueller and King"
S410,Flowers and Sons
S411,"Jordan, Flores and Mcdowell"
S412,"Bryan, Jackson and Palmer"
S413,"Wilson, Moore and Henry"
S414,Lopez LLC
S415,Vazquez-Gonzalez
S416,Hester Inc
S417,Robles-Hill
S418,Allen and Sons
S419,Neal-Gonzalez
S420,Crawford Ltd
S421,Ramos-Lewis
S422,Park and Sons
S423,"Jenkins, Williams and Meyer"
S424,"Jones, Strong and Gamble"
S425,Barnes PLC
S426,Taylor-Kelley
S427,Mcdonald Group
S428,Burton LLC
S429,"Hampton, Gonzalez and Evans"
S430,"Powell, Campos and Wells"
S431,Walker Group
S432,Miller Group
S433,Jackson Ltd
S434,"Figueroa, Wilson and Ross"
S435,"Burke, Taylor and Holmes"
S436,Carlson-Andrews
S437,"Andrade, Chavez and Brown"
S438,Roy LLC
S439,Cross Inc
S440,"Kelley, Harrison and Reid"
S441,"Yates, Cox and Hernandez"
S442,Gonzalez Inc
S443,"Perez, Patton and Dixon"
S444,Anderson Group
S445,"Jarvis, Gomez and Oconnor"
S446,Smith-Hoffman
S447,Pham-Perez
S448,Adams LLC
S449,"Gilmore, Wright and Anderson"
S450,Blankenship-James
S451,"Warner, Collins and Johnson"
S452,Krueger-Jones
S453,Craig-Gross
S454,"Martin, Herrera and Cardenas"
S455,Rojas PLC
S456,Russell LLC
S457,Rodriguez-Aguirre
S458,King LLC
S459,Armstrong Inc
S460,"Ritter, Lewis and Graham"
S461,Hunt Ltd
S462,Taylor-Lopez
S463,"Ayala, Simpson and Baker"
S464,Brown-Rice
S465,Miller-Guzman
S466,Kaufman Group
S467,"Lewis, Steele and Harris"
S468,"Mitchell, Hopkins and Barber"
S469,Ortiz and Sons
S470,Yang-Wood
S471,"Jones, Calderon and Mckinney"
S472,Patterson LLC
S473,"Banks, Johnson and Dunn"
S474,"Wilkerson, Reynolds and Manning"
S475,Blanchard and Sons
S476,Sanchez Ltd
S477,Martin-Bailey
S478,Schmidt-Rodriguez
S479,"Parrish, Williams and Edwards"
S480,King PLC
S481,Herrera Group
S482,Bailey Ltd
S483,Webb-Lawrence
S484,Smith-Montgomery
S485,"Vasquez, Parsons and Dalton"
S486,White Inc
S487,Evans Ltd
S488,"Allen, Valdez and Wilson"
S489,Russo and Sons
S490,Pratt and Sons
S491,Sanford Ltd
S492,Soto Group
S493,"Ruiz, Decker and Martinez"
S494,"Martinez, Santos and Cooper"
S495,Reed Group
S496,"Avila, White and Stevenson"
S497,"Smith, Perez and Taylor"
S498,"Hoover, Johnston and Green"
S499,Navarro Ltd
S500,Hansen-Lewis
S501,Sims and Sons
S502,Newman and Sons
S503,"Yang, Hunt and Morgan"
S504,"Duncan, Gibson and Robles"
S505,Harmon Inc
S506,Torres LLC
S507,"Woodward, Robinson and Mathews"
S508,"Anderson, Glass and Collins"
S509,Combs Ltd
S510,"Peters, Williamson and Boyle"
S511,Rodriguez PLC
S512,Reynolds LLC
S513,Simpson-Stokes
S514,"Lynch, West and Mays"
S515,"Reed, Moore and Adams"
S516,Juarez-Hill
S517,Levine Inc
S518,Nixon and Sons
S519,"Baker, Clark and Hill"
S520,Ellis-Henson
S521,Miller-Barnett
S522,Cruz-Nelson
S523,Erickson Group
S524,Bradshaw and Sons
S525,"Munoz, Parsons and Harper"
S526,"Moore, Carter and Everett"
S527,Garcia-Hancock
S528,Gonzales Group
S529,"Cruz, Freeman and Reilly"
S530,Henderson-Hopkins
S531,"Wilson, Lee and Oconnor"
S532,Joyce and Sons
S533,Freeman Ltd
S534,"Day, Dawson and Jones"
S535,Mitchell Ltd
S536,Bailey-Jimenez
S537,Hernandez and Sons
S538,Phillips PLC
S539,Jackson LLC
S540,Reid-Johnson
S541,"Collins, Larson and Hammond"
S542,"Hall, Mosley and Avery"
S543,Camacho-Lewis
S544,"Farmer, Kennedy and Lowe"
S545,"Douglas, Brown and Barnes"
S546,"Martinez, Foster and Harris"
S547,Howard-White
S548,"Fleming, Cherry and Villarreal"
S549,"Beard, Garrison and Randall"
S550,Randall-Hayes
S551,Davis LLC
S552,Carpenter-Woods
S553,"Booth, Bauer and Johnson"
S554,Romero-Reyes
S555,"Snyder, Savage and Mills"
S556,Holt PLC
S557,Carlson-Henry
S558,Miller and Sons
S559,Smith-Knox
S560,Brewer Inc
S561,Hoffman-Ramirez
S562,"Bradley, Guerrero and Anderson"
S563,"White, Schwartz and Fletcher"
S564,Anderson and Sons
S565,George Group
S566,Cunningham-Moore
S567,"Larsen, Mcdaniel and Cohen"
S568,"Williams, Prince and Nichols"
S569,Abbott PLC
S570,Brown-House
S571,Chan-Roberts
S572,Malone-Hernandez
S573,"Collins, Little and Gardner"
S574,"Powell, Perez and Webb"
S575,Graham-Austin
S576,Barton Group
S577,Smith-Foster
S578,"Elliott, Figueroa and Melendez"
S579,Silva-Mccullough
S580,"Wells, Allen and Shaffer"
S581,Martin Ltd
S582,Stephenson-Thomas
S583,"Wilson, Booth and Castro"
S584,"Schroeder, Bennett and Hughes"
S585,Lee Ltd
S586,Jordan PLC
S587,"Horn, Allen and Young"
S588,"Anderson, Banks and Brown"
S589,"Thornton, Smith and Baker"
S590,Le Ltd
S591,"Jackson, King and Wilkinson"
S592,"Blake, Woods and Garcia"
S593,Bradshaw Inc
S594,"Garcia, Morton and Price"
S595,Harris Group
S596,Lang Inc
S597,"Casey, Rosario and Holmes"
S598,Chapman and Sons
S599,Smith LLC
S600,"Myers, Washington and Smith"
S601,Jones Ltd
S602,"Cooper, Stewart and Berger"
S603,Barnes and Sons
S604,Ward Ltd
S605,Montgomery PLC
S606,Larson Inc
S607,"Holland, Nelson and Powell"
S608,Macias-Garcia
S609,Cantu-Goodman
S610,Kramer Ltd
S611,"Ross, Reyes and Barrett"
S612,"Howard, Powell and Steele"
S613,"Hunter, Walker and Welch"
S614,Matthews Inc
S615,Morton-Mcneil
S616,Smith LLC
S617,Peterson LLC
S618,Arellano and Sons
S619,Gonzalez Inc
S620,Baker-Watson
S621,Waters and Sons
S622,Stein PLC
S623,"Silva, Chang and Moore"
S624,Ferguson-Lee
S625,Duarte LLC
S626,Lucero-Cobb
S627,Maxwell-Carrillo
S628,"Knapp, Klein and Dillon"
S629,Blanchard PLC
S630,Miller-Anderson
S631,"Bass, Tucker and Robinson"
S632,Roth-Swanson
S633,Parker-Dennis
S634,"Lynch, Berry and Rodriguez"
S635,Johnson and Sons
S636,Rojas-Beck
S637,Vang-Cherry
S638,Taylor and Sons
S639,Dillon-Sandoval
S640,Bowman-Woodward
S641,"Rowe, Cook and Ramsey"
S642,Tran-Vaughan
S643,Johnson-Russell
S644,Orr-Waller
S645,Garcia PLC
S646,Davis-Pugh
S647,"Reid, Reynolds and Clay"
S648,Harris Ltd
S649,Gamble Group
S650,West-Scott
S651,Walters LLC
S652,Strong LLC
S653,"Preston, Gray and Smith"
S654,"Ross, Heath and Gardner"
S655,"Sims, Munoz and Logan"
S656,Cox-Cox
S657,Fisher-Arellano
S658,Montgomery-Mendez
S659,"Joseph, Martin and Yates"
S660,"Lawrence, Levine and Clark"
S661,Gonzalez Group
S662,"Olson, Franco and Brooks"
S663,"Caldwell, Tucker and Allen"
S664,Brown Group
S665,"Foster, Carroll and Perry"
S666,Lawson Ltd
S667,"Stephenson, Smith and Daniels"
S668,Perez-Roy
S669,Morgan-Nguyen
S670,Jones PLC
S671,Williams Group
S672,"Bell, Bryant and Shaffer"
S673,Chavez PLC
S674,Briggs and Sons
S675,Coleman-Clark
S676,Hicks-Blair
S677,Foster and Sons
S678,Thompson-Sanford
S679,Rogers-Young
S680,Taylor-Smith
S681,"Mccarthy, Williams and Howard"
S682,Gonzalez-Clayton
S683,Butler LLC
S684,"Gibson, Carpenter and Burke"
S685,Sparks Group
S686,Brown Ltd
S687,Carter-Smith
S688,Jones and Sons
S689,Ramirez and Sons
S690,Reyes-Sharp
S691,"Mckay, Cowan and Bates"
S692,"Davis, Ramirez and Irwin"
S693,"Hart, Clark and Sexton"
S694,Miller and Sons
S695,"Harrison, Romero and Steele"
S696,"Calderon, Jackson and Taylor"
S697,Evans-Harper
S698,Rivera-Hanson
S699,"Ramos, Roth and Green"
S700,Frederick-Watson
S701,"Jones, Parker and Moon"
S702,"Nelson, Gray and Freeman"
S703,Harding LLC
S704,"Carroll, Allen and Rogers"
S705,Gonzales Inc
S706,Bennett-Simmons
S707,Hernandez Ltd
S708,Bruce-Harvey
S709,Carr-Gray
S710,"Shelton, Ponce and Tyler"
S711,Swanson Group
S712,"Leach, Jones and Barnes"
S713,Johnson Ltd
S714,Chang-Rogers
S715,Jones-Perez
S716,"Matthews, Flores and Castaneda"
S717,Moody LLC
S718,"Reynolds, Johnson and Morrow"
S719,Gray-Fowler
S720,Greene-Reyes
S721,"Rowe, Rodriguez and Lamb"
S722,Henry-Choi
S723,"Knox, Lee and Walker"
S724,Kim-Steele
S725,Tanner-Dean
S726,Shea and Sons
S727,Lawson-Schaefer
S728,Wilson Inc
S729,Coleman Inc
S730,Velasquez-Johnson
S731,Williams Inc
S732,Arnold-Andrews
S733,Johnson-Stewart
S734,Raymond-Mullins
S735,Gill-Tran
S736,Roman-Olson
S737,Buck-Ball
S738,"Richard, Yu and Patel"
S739,Brown Group
S740,"Kelly, Meyers and Mayo"
S741,Harris-Roy
S742,Jackson Inc
S743,"Matthews, Baker and Guerrero"
S744,"Hodge, Cox and Williams"
S745,"Mays, Mckee and Williams"
S746,"Mcguire, Smith and Mcdaniel"
S747,"Wilson, Brown and Garcia"
S748,Wallace-Burns
S749,"Wilcox, Perkins and Barnett"
S750,Montgomery LLC
S751,Norris-Foster
S752,"Dalton, Farley and Owen"
S753,"Swanson, Ramos and Anthony"
S754,"Hernandez, Miller and Davis"
S755,Henderson Inc
S756,Johnston and Sons
S757,"Anderson, Sexton and Walton"
S758,Singh and Sons
S759,"Schroeder, Rodriguez and Mitchell"
S760,Rosales-Reyes
S761,Tucker and Sons
S762,"Taylor, Robertson and Salazar"
S763,"Wong, Leach and Patterson"
S764,Reese-Dominguez
S765,Morrison-Marks
S766,Smith Group
S767,Moore Ltd
S768,Harrington Group
S769,Gomez LLC
S770,Lopez-Griffin
S771,Green Group
S772,Santana Inc
S773,"Rivera, Crosby and Berry"
S774,Hall Ltd
S775,Torres Inc
S776,Simmons-Velez
S777,Weaver-Walker
S778,"Ho, Mcfarland and Park"
S779,Henderson-Colon
S780,Marshall LLC
S781,Stark-Campbell
S782,Sherman Group
S783,Brown-Patel
S784,Norris-Pitts
S785,"Fitzgerald, Sloan and Stewart"
S786,"Jackson, Herrera and Fisher"
S787,Taylor and Sons
S788,Ruiz Ltd
S789,Gonzales LLC
S790,"Lowe, Page and Newton"
S791,Walker-Crawford
S792,Johnson-Green
S793,Farrell Group
S794,"Sanchez, Moore and Ray"
S795,"Phillips, Bowen and Cohen"
S796,"Williams, Massey and Dillon"
S797,Jackson LLC
S798,Smith-Griffin
S799,"Stevenson, Freeman and Peters"
S800,Fisher PLC
S801,"Hudson, Wells and Davis"
S802,"Robbins, Myers and Crawford"
S803,Wallace PLC
S804,Shaw and Sons
S805,"Cochran, Jones and Ellis"
S806,Haynes-Hendrix
S807,"Dunn, Adams and Mckenzie"
S808,Rodgers LLC
S809,"Boyd, Walsh and Buck"
S810,Thompson-Campbell
S811,"Nguyen, Jensen and Gallagher"
S812,"Turner, Brown and Miller"
S813,"Brown, Smith and Jensen"
S814,"Dixon, Stokes and Williams"
S815,Miller Group
S816,Joseph and Sons
S817,Webb-Long
S818,Wright PLC
S819,Parker Ltd
S820,Fields Ltd
S821,"Smith, Robertson and Williams"
S822,Curry Ltd
S823,Wood-Mendez
S824,"Rivera, Perez and Nolan"
S825,Brown-Armstrong
S826,"Blackwell, Gonzalez and George"
S827,"Harper, Bennett and Sanford"
S828,"Rivera, Brewer and Nunez"
S829,"Stevens, Rodgers and Cohen"
S830,Park-Rice
S831,"Doyle, Carlson and Sharp"
S832,Davis-Stokes
S833,Collins Inc
S834,Nunez-Stone
S835,"Jennings, Harrington and Davis"
S836,Tran-Robbins
S837,Casey-Gonzales
S838,Martin LLC
S839,"Miller, Park and Diaz"
S840,Burke-Powell
S841,"Hawkins, Brown and Johnson"
S842,"Munoz, Reed and Lozano"
S843,Thompson-Cobb
S844,Khan Inc
S845,Young-Kelly
S846,Long and Sons
S847,Daniels and Sons
S848,Hill-Johnson
S849,"Davis, Johnson and Mejia"
S850,"Waters, Vargas and Riley"
S851,Mitchell-Williams
S852,Peters Group
S853,Norton PLC
S854,Price and Sons
S855,Ferrell Group
S856,Jacobs and Sons
S857,"Myers, Bolton and Adams"
S858,Murphy-Cortez
S859,"Kerr, Tran and Payne"
S860,Murphy and Sons
S861,Young Ltd
S862,Stark-Bryan
S863,Shepard-Turner
S864,Clark Group
S865,Smith Group
S866,"Suarez, Spencer and Morris"
S867,Gardner LLC
S868,"Santos, Hernandez and Miller"
S869,Cruz-Wallace
S870,"Bates, Bender and Levine"
S871,Boyd-Myers
S872,Hodge and Sons
S873,Lin LLC
S874,Baker-Perez
S875,"Williams, Fletcher and Beck"
S876,Fisher Group
S877,Smith Group
S878,Lopez-Hamilton
S879,"Rodgers, Kennedy and Rose"
S880,Chandler Inc
S881,Crawford-Shields
S882,Moreno-Wyatt
S883,Wagner PLC
S884,Fletcher and Sons
S885,"Holt, Moore and Perez"
S886,Andrews LLC
S887,Stephenson and Sons
S888,Ruiz-Carter
S889,Bush-Jones
S890,Herman-Harris
S891,Farrell-Schultz
S892,Wallace-Mack
S893,Knight and Sons
S894,Kelley LLC
S895,Hill LLC
S896,Cook-Sanders
S897,Hill-Smith
S898,Washington Inc
S899,Owens Group
S900,"Nelson, Christensen and Becker"
S901,Poole-Robertson
S902,"Rodriguez, Wells and Ford"
S903,"Hansen, Cohen and Watkins"
S904,"Edwards, Allen and Martinez"
S905,"Owens, Carter and Davis"
S906,Swanson-Esparza
S907,Graham-Watts
S908,Obrien and Sons
S909,Butler-Bell
S910,Calderon-Sanders
S911,Pugh-Peterson
S912,"Valenzuela, Martinez and Jackson"
S913,"Solomon, Barnes and Schmidt"
S914,Nelson and Sons
S915,"Wilson, Johnson and Miller"
S916,Leon-Richardson
S917,Mayer LLC
S918,Reyes and Sons
S919,"Johnson, Walker and Rogers"
S920,Allison-Sims
S921,"Wong, Marshall and Warren"
S922,Mcfarland-Hoover
S923,Higgins Ltd
S924,Johnson Group
S925,Hill-King
S926,"Rodriguez, Tyler and Barber"
S927,"Wilson, Espinoza and Richmond"
S928,Phillips-Newman
S929,Chapman-Henry
S930,Miller-Salazar
S931,Kelly Ltd
S932,Herrera Inc
S933,"Reed, Downs and Young"
S934,"Glover, Bentley and Phillips"
S935,Cooper Inc
S936,Coleman and Sons
S937,Bond-Rodriguez
S938,"Cunningham, Fields and Ibarra"
S939,"Torres, Orozco and Rogers"
S940,Hernandez-Patel
S941,Davis-Fisher
S942,Maxwell PLC
S943,Chang-Smith
S944,Gordon-Allen
S945,Terrell-Krueger
S946,"Page, Moore and Sanchez"
S947,Mason LLC
S948,Wells Ltd
S949,Simmons-Howard
S950,Hernandez-Lee
S951,"Ramirez, Raymond and Fitzpatrick"
S952,Warren Ltd
S953,"Obrien, Smith and Meyer"
S954,"Randall, Smith and Clark"
S955,"Clark, Burns and Sellers"
S956,Silva-Stevens
S957,Adams and Sons
S958,May-Atkinson
S959,Foley-Rodriguez
S960,Brewer Group
S961,"Smith, Brown and Mills"
S962,Hughes-White
S963,Vang Ltd
S964,Blackburn-Stone
S965,Nelson-Henderson
S966,"Ruiz, Blevins and Collins"
S967,Meyer-Johnson
S968,"Martin, Patel and Obrien"
S969,Poole-Burke
S970,Carter-Rogers
S971,"Price, Wiley and Jacobson"
S972,Rojas-Carter
S973,Mcfarland-Sutton
S974,"Grant, Cooper and Conner"
S975,Faulkner PLC
S976,Garcia Inc
S977,Hendricks Inc
S978,"Reynolds, Garcia and Sampson"
S979,"Cochran, Mack and Sherman"
S980,Davis LLC
S981,Johnston Ltd
S982,Thompson PLC
S983,Barber Ltd
S984,Simmons Group
S985,Archer-Garcia
S986,Oconnell LLC
S987,Alexander and Sons
S988,Ellison Inc
S989,Hicks-Sparks
S990,Martinez-Hamilton
S991,Johnson Inc
S992,Williamson PLC
S993,Vazquez-Howard
S994,Todd and Sons
S995,Valenzuela Group
S996,Villanueva-Ortega
S997,Matthews Ltd
S998,Hall-Anderson
S999,Farrell-Jordan
S1000,"Sanchez, Davila and Marshall"
S1001,Hodges Ltd
S1002,Jackson-Dunn
S1003,Ruiz-Jones
S1004,Myers-Sweeney
S1005,Johnson-Yates
S1006,"Cochran, Schmidt and Schultz"
S1007,Macdonald-Roberts
S1008,Jones Group
S1009,Baker Group
S1010,"Pierce, Hayes and Woods"
S1011,"Hill, Dunn and Tyler"
S1012,"Khan, Gilbert and Knight"
S1013,"Rodriguez, Campbell and Phillips"
S1014,Kemp Inc
S1015,"Hicks, Bernard and Miller"
S1016,"Bartlett, Gonzalez and Jones"
S1017,Short Inc
S1018,"Webb, Solis and Mendoza"
S1019,Navarro-Riley
S1020,Moran and Sons
S1021,"Owens, Simmons and Miller"
S1022,"Jordan, Duran and Bennett"
S1023,Perez-Briggs
S1024,Sweeney-Monroe
S1025,"Navarro, Brown and Medina"
S1026,Sandoval Group
S1027,Chapman and Sons
S1028,"Carter, Stevens and Weaver"
S1029,Parrish and Sons
S1030,Jensen and Sons
S1031,"Hubbard, Gonzales and Swanson"
S1032,"Morrison, Lloyd and Taylor"
S1033,"Mccoy, Lee and Pittman"
S1034,"Frank, Gardner and Hammond"
S1035,"Torres, Thomas and Atkinson"
S1036,"Mcdaniel, Anderson and Forbes"
S1037,French-Khan
S1038,"Wood, Herrera and Kelley"
S1039,Bradford Group
S1040,Lee-Delacruz
S1041,Young-Richardson
S1042,Schneider-Crawford
S1043,Hernandez and Sons
S1044,"Merritt, Padilla and Wagner"
S1045,"Hammond, Jones and Cherry"
S1046,"Little, Williams and Nguyen"
S1047,Holmes Inc
S1048,Thomas PLC
S1049,Lowe PLC
S1050,Dillon-Smith
S1051,"Smith, Gamble and Powell"
S1052,Cabrera LLC
S1053,Adams and Sons
S1054,Little LLC
S1055,Allison Group
S1056,Snyder-Barker
S1057,Kelly-Vasquez
S1058,Todd LLC
S1059,Price-Aguilar
S1060,Bishop-Day
S1061,Acosta-Ritter
S1062,"Anderson, Cobb and Sanders"
S1063,Sandoval-Cantrell
S1064,Wright Inc
S1065,"Coffey, Arnold and Burgess"
S1066,"Baird, Williams and Burns"
S1067,Wu-Arnold
S1068,Romero-Davis
S1069,Thompson LLC
S1070,Wood Inc
S1071,Zhang-Carroll
S1072,Ware Group
S1073,"Thomas, Mckenzie and Mckay"
S1074,"Williams, Simmons and Hernandez"
S1075,Phillips-Allen
S1076,"Horton, Cooper and Lopez"
S1077,Tate PLC
S1078,"Richardson, Bauer and Johnson"
S1079,Johnson Ltd
S1080,Livingston Ltd
S1081,Nash-Shelton
S1082,"Thomas, Cooper and Lopez"
S1083,Perez-Weaver
S1084,Conrad-Edwards
S1085,"Watts, Gordon and Johnson"
S1086,"Espinoza, Gonzalez and Coleman"
S1087,Hess PLC
S1088,Moore-Santana
S1089,Hill Inc
S1090,Martinez and Sons
S1091,Fowler PLC
S1092,Foster-Cherry
S1093,"Vance, Gray and Camacho"
S1094,Wiley and Sons
S1095,"White, Williams and Mcgrath"
S1096,"Ray, Odom and Potts"
S1097,Steele and Sons
S1098,Rodriguez LLC
S1099,"Terrell, Cooper and Thompson"
S1100,Ramos-Miranda
S1101,"Adams, Wilson and Perkins"
S1102,Fox-Baker
S1103,West and Sons
S1104,"Carroll, Collins and Byrd"
S1105,"Lee, Petersen and Waters"
S1106,Wright-Maldonado
S1107,Wilson PLC
S1108,Mccann-Bates
S1109,Rogers-Caldwell
S1110,"Evans, Maddox and Duffy"
S1111,"Bolton, Butler and Moore"
S1112,"Hodges, Davis and Salazar"
S1113,Martin Group
S1114,Perez PLC
S1115,Johnson Inc
S1116,Thomas and Sons
S1117,Holden-Conner
S1118,Mccann-Turner
S1119,Moore PLC
S1120,Winters PLC
S1121,Soto Ltd
S1122,Johnson Group
S1123,Palmer Group
S1124,Mills-Stewart
S1125,Green LLC
S1126,Marks Group
S1127,Potter PLC
S1128,Holmes-Allison
S1129,Craig-Rush
S1130,Anderson-Jackson
S1131,"Rice, Ryan and Clark"
S1132,"Morris, Sexton and Smith"
S1133,Moran Ltd
S1134,Carter-Pearson
S1135,"Gardner, Smith and Buck"
S1136,Schmidt-Shah
S1137,West LLC
S1138,Hudson-Martin
S1139,Ward Group
S1140,"Andrews, Lee and Cole"
S1141,Carroll-Alvarez
S1142,Walters-Murphy
S1143,"Simmons, Maxwell and Price"
S1144,"Vega, Perez and Fletcher"
S1145,"Tran, Martin and Thomas"
S1146,Peterson and Sons
S1147,Rich-Smith
S1148,Rivera Ltd
S1149,Wilson PLC
S1150,Pierce-Carter
S1151,Adams LLC
S1152,Singleton and Sons
S1153,Harris PLC
S1154,Ortiz and Sons
S1155,"Thompson, Stewart and Jones"
S1156,Chase-Morris
S1157,Barr Ltd
S1158,Sosa-Maynard
S1159,Bishop and Sons
S1160,"Carter, Alvarez and Lewis"
S1161,Little-Johnson
S1162,"Garrison, Stewart and Lawson"
S1163,Robertson-Griffin
S1164,Montgomery LLC
S1165,Fowler Ltd
S1166,"Jennings, Larson and Flynn"
S1167,"Ford, Hunter and Cordova"
S1168,Benson-Short
S1169,Perez-Stevens
S1170,Miller-Baker
S1171,"Santos, White and Rivera"
S1172,Garner Ltd
S1173,"Marshall, Smith and Li"
S1174,Alvarez PLC
S1175,Grant-Perez
S1176,"Thompson, Williams and Wood"
S1177,Newman LLC
S1178,"Tucker, Rios and Hill"
S1179,Mendoza-Patterson
S1180,Wilson-Bentley
S1181,Miller Group
S1182,Smith-Green
S1183,Flores and Sons
S1184,Long-Miller
S1185,"Wise, Spencer and Lynch"
S1186,Ramsey-Green
S1187,Mullins Inc
S1188,Mills Ltd
S1189,"Evans, Kim and Francis"
S1190,Smith Group
S1191,"Watkins, Myers and Weber"
S1192,"Thomas, Kramer and Munoz"
S1193,Edwards Inc
S1194,Scott-Manning
S1195,Williams Ltd
S1196,Lewis-Clark
S1197,Campbell Inc
S1198,"Gonzalez, Scott and Collier"
S1199,Taylor Inc
S1200,"Bryant, Morton and Dalton"
